,Entity Name,Frequency
0,acalabrutinib,1306
1,calquenc,893
2,patient,790
3,covid,694
4,astrazeneca,599
5,cll,562
6,trial,425
7,lymphocyt,388
8,chronic,351
9,leukemia,342
10,drug,340
11,treatment,339
12,de,282
13,approv,266
14,cancer,264
15,btk,263
16,lymphoma,247
17,studi,244
18,inhibitor,196
19,la,194
20,show,192
21,new,191
22,phase,191
23,clinic,183
24,ash,166
25,data,159
26,treat,149
27,fda,145
28,azn,145
29,sever,143
30,en,139
31,coronaviru,134
32,obinutuzumab,132
33,cell,130
34,leusm,125
35,improv,123
36,el,122
37,ibrutinib,120
38,leukaemia,110
39,via,110
40,lymsm,103
41,use,101
42,result,101
43,mantl,98
44,adult,92
45,con,92
46,dr,91
47,blood,91
48,efficaci,90
49,hematolog,89
50,pharma,88
51,relap,84
52,amp,83
53,test,83
54,mcl,80
55,news,79
56,promi,77
57,earli,77
58,leucemia,76
59,effect,74
60,small,74
61,que,73
62,may,71
63,therapi,71
64,plu,70
65,respon,70
66,help,69
67,v,68
68,safeti,68
69,imbruvica,66
70,refractori,65
71,bruton,65
72,sll,63
73,cytokin,63
74,pacient,63
75,un,63
76,relapsedrefractori,62
77,toler,62
78,potenti,62
79,option,62
80,kina,60
81,pf,60
82,respiratori,57
83,tyrosin,56
84,compar,55
85,iii,55
86,combin,55
87,ii,55
88,longterm,54
89,benefit,53
90,calavi,53
91,u,52
92,storm,52
93,para,52
94,present,51
95,rr,51
96,launch,51
97,reduc,51
98,hospit,50
99,initi,49
100,rituximab,49
101,lo,48
102,oncolog,48
103,disea,46
104,ascend,46
105,di,45
106,articl,45
107,start,44
108,pt,44
109,surviv,43
110,monotherapi,43
111,clinicaltri,43
112,medicamento,42
113,frontlin,42
114,previou,42
115,ad,41
116,receiv,41
117,discu,41
118,report,41
119,venetoclax,40
120,updat,40
121,primari,40
122,versu,40
123,time,39
124,le,39
125,profil,39
126,untreat,39
127,pharmaceut,39
128,outcom,38
129,w,38
130,random,38
131,immun,38
132,day,36
133,research,36
134,say,36
135,find,36
136,india,35
137,md,35
138,elev,35
139,oxygen,35
140,target,34
141,inflamm,34
142,az,34
143,health,34
144,evalu,34
145,market,34
146,learn,34
147,associ,34
148,year,33
149,support,33
150,activ,33
151,contra,32
152,fail,32
153,tn,32
154,endpoint,32
155,cronica,32
156,without,32
157,chlorambucil,32
158,work,31
159,alon,31
160,infect,31
161,could,31
162,cllsm,31
163,progress,31
164,suggest,30
165,analysi,30
166,group,30
167,like,30
168,demonstr,30
169,see,30
170,medivizor,30
171,oral,30
172,e,29
173,asco,29
174,linfoctica,29
175,del,29
176,linfatica,29
177,month,29
178,pembrolizumab,29
179,progressionfr,28
180,posit,28
181,one,28
182,frmaco,28
183,eu,28
184,read,28
185,se,28
186,recommend,28
187,bcell,28
188,approach,27
189,set,27
190,symptom,27
191,solidar,27
192,jeffsharman,27
193,tratamiento,27
194,crnica,27
195,distress,26
196,select,26
197,said,26
198,well,26
199,includ,26
200,care,25
201,p,25
202,cncer,25
203,agent,25
204,announc,25
205,da,25
206,por,25
207,review,25
208,treatmentnav,25
209,l,24
210,elevatetn,24
211,hospitali,24
212,headtohead,24
213,medic,24
214,publish,23
215,meet,23
216,live,23
217,get,23
218,global,23
219,accord,23
220,need,23
221,best,23
222,today,23
223,impact,23
224,watch,23
225,met,23
226,inhibit,23
227,nice,23
228,across,23
229,rate,23
230,al,22
231,three,22
232,healthcar,22
233,b,22
234,interest,22
235,pu,22
236,first,22
237,advanc,22
238,treatmentna,22
239,forb,22
240,followup,21
241,led,21
242,take,21
243,regimen,21
244,risk,21
245,case,21
246,una,21
247,capsul,21
248,found,21
249,ventil,21
250,medicin,20
251,protena,20
252,provid,20
253,discuss,20
254,death,20
255,compani,20
256,scienc,20
257,danafarb,20
258,myunisr,20
259,exclu,20
260,control,20
261,significantli,20
262,great,19
263,biotech,19
264,good,19
265,orbi,19
266,malign,19
267,m,19
268,zanubrutinib,19
269,safe,19
270,superior,19
271,sharman,19
272,toxic,19
273,high,19
274,et,18
275,cllsll,18
276,sign,18
277,ha,18
278,osucccjam,18
279,calm,18
280,project,18
281,two,18
282,randomi,18
283,import,18
284,remdesivir,18
285,major,18
286,also,18
287,recent,18
288,estudio,18
289,offlabel,18
290,cardiovascular,17
291,indic,17
292,condit,17
293,il,17
294,gener,17
295,standard,17
296,repurpo,17
297,type,17
298,follow,17
299,role,17
300,recruit,17
301,c,17
302,ill,17
303,block,16
304,avail,16
305,btki,16
306,ser,16
307,back,16
308,japan,16
309,enfermedad,16
310,final,16
311,therapeut,16
312,prolong,16
313,woyach,16
314,mdandersonnew,16
315,x,16
316,per,16
317,supplement,16
318,icmr,16
319,european,16
320,ghia,16
321,miss,16
322,prior,16
323,bendamustin,16
324,expert,15
325,know,15
326,prescript,15
327,part,15
328,investig,15
329,highli,15
330,ehavirtu,15
331,doctor,15
332,graf,15
333,uk,15
334,die,15
335,continu,15
336,event,15
337,strategi,15
338,protein,15
339,btkinhibitor,15
340,win,15
341,immunolog,15
342,cure,15
343,panel,15
344,regulatori,15
345,usfda,15
346,canada,15
347,abbvi,14
348,bloodcanc,14
349,lenalidomid,14
350,look,14
351,subject,14
352,appear,14
353,share,14
354,bloodcancerawar,14
355,current,14
356,complet,14
357,metastat,14
358,singleag,14
359,manag,14
360,top,14
361,offer,14
362,brukinsa,14
363,aprobado,14
364,excit,14
365,paolo,14
366,big,14
367,idelalisib,14
368,furman,14
369,giant,14
370,summari,14
371,median,14
372,ayudar,13
373,na,13
374,anoth,13
375,cytokinestorm,13
376,join,13
377,addit,13
378,astra,13
379,collabor,13
380,remain,13
381,newli,13
382,ng,13
383,ae,13
384,call,13
385,second,13
386,dato,13
387,pool,13
388,diagno,13
389,ass,13
390,triplet,13
391,failur,13
392,over,13
393,free,13
394,theusonetwork,13
395,decrea,13
396,reuter,13
397,check,13
398,su,13
399,four,13
400,q,13
401,cau,13
402,intol,13
403,medscap,13
404,side,13
405,food,12
406,access,12
407,pharmanew,12
408,favor,12
409,occup,12
410,post,12
411,open,12
412,inflamacin,12
413,estado,12
414,tormenta,12
415,low,12
416,lead,12
417,michaelwangmd,12
418,assist,12
419,differ,12
420,dan,12
421,eha,12
422,chroniclymphocyticleukaemia,12
423,discontinu,12
424,rush,12
425,linfoma,12
426,week,12
427,productmarket,12
428,clnico,12
429,resultado,12
430,der,12
431,mani,12
432,mantlecelllymphoma,12
433,competitiveintellig,12
434,novel,12
435,marker,12
436,better,12
437,step,12
438,arm,11
439,xito,11
440,interview,11
441,observ,11
442,intern,11
443,key,11
444,gt,11
445,dlbcl,11
446,realworld,11
447,platinumresist,11
448,experi,11
449,waldenstrm,11
450,break,11
451,grant,11
452,ensayo,11
453,tcell,11
454,chopr,11
455,physician,11
456,among,11
457,hope,11
458,stellar,11
459,world,11
460,mortal,11
461,truxima,11
462,citoquina,11
463,develop,11
464,richard,11
465,reduct,11
466,llc,11
467,mit,11
468,line,11
469,orr,11
470,put,11
471,explor,11
472,usado,11
473,seen,11
474,trattamento,11
475,possibl,11
476,fdaapprov,11
477,hospitalizado,11
478,statu,11
479,traitement,11
480,acecl,11
481,cardiac,11
482,anticd,11
483,singl,11
484,med,11
485,inhibidor,10
486,ra,10
487,who,10
488,mix,10
489,american,10
490,light,10
491,sarscov,10
492,might,10
493,term,10
494,rapid,10
495,car,10
496,breath,10
497,strong,10
498,alreadi,10
499,give,10
500,job,10
501,organ,10
502,chmp,10
503,thenci,10
504,atteint,10
505,number,10
506,o,10
507,peopl,10
508,durabl,10
509,sa,10
510,administr,10
511,ongo,10
512,octob,10
513,lung,10
514,n,10
515,cd,10
516,virtual,10
517,firstlin,10
518,oncliv,10
519,tocilizumab,10
520,pivot,10
521,cola,10
522,base,10
523,focu,10
524,highlight,10
525,haematolog,10
526,challeng,10
527,wvcancer,10
528,richardfurmanmd,10
529,exagg,10
530,combo,10
531,llsusa,10
532,mutat,10
533,pour,10
534,level,10
535,macrophag,10
536,nod,10
537,increa,10
538,ashhematolog,10
539,macroglobulinemia,10
540,green,10
541,societi,10
542,implic,10
543,coca,10
544,biosimilar,10
545,headach,9
546,head,9
547,reveal,9
548,encourag,9
549,resist,9
550,chroniclymphocyticleukemia,9
551,clave,9
552,brand,9
553,claim,9
554,sustain,9
555,clula,9
556,design,9
557,biolog,9
558,jeff,9
559,nih,9
560,excel,9
561,list,9
562,sciimmunolog,9
563,confer,9
564,fight,9
565,si,9
566,midstag,9
567,video,9
568,grave,9
569,uroth,9
570,john,9
571,mg,9
572,certain,9
573,reinforc,9
574,mejora,9
575,phd,9
576,product,9
577,gtgtgt,9
578,short,9
579,leucmi,9
580,beigen,9
581,highrisk,9
582,pharmascrip,9
583,longer,9
584,go,9
585,tx,9
586,byrd,9
587,administ,9
588,think,9
589,yet,9
590,boost,8
591,turn,8
592,cr,8
593,prevent,8
594,fdaoncolog,8
595,cml,8
596,stori,8
597,rel,8
598,relea,8
599,hyperinflammatori,8
600,abstract,8
601,roundup,8
602,within,8
603,g,8
604,receptor,8
605,full,8
606,identifi,8
607,adher,8
608,safer,8
609,author,8
610,adver,8
611,weillcornel,8
612,forma,8
613,label,8
614,make,8
615,link,8
616,vaccin,8
617,icymi,8
618,pandem,8
619,mechan,8
620,europ,8
621,progresin,8
622,shown,8
623,oncoalert,8
624,plan,8
625,system,8
626,antitumor,8
627,growth,8
628,fr,8
629,come,8
630,network,8
631,involv,8
632,examin,8
633,team,8
634,nel,8
635,nextgen,8
636,tirosina,8
637,ask,8
638,terapia,8
639,someon,8
640,zeneca,8
641,comment,8
642,est,8
643,novemb,8
644,obinutuzmab,8
645,dont,8
646,latest,8
647,exist,8
648,thank,8
649,comparison,8
650,would,8
651,tri,8
652,answer,8
653,colleagu,8
654,conveni,8
655,either,8
656,sin,8
657,end,8
658,efficac,8
659,tratar,8
660,begin,8
661,evid,8
662,rchop,7
663,australia,7
664,indicio,7
665,biospac,7
666,som,7
667,ration,7
668,impress,7
669,hemeonc,7
670,experienc,7
671,caso,7
672,signif,7
673,significativa,7
674,relat,7
675,becom,7
676,central,7
677,podra,7
678,richterssyndrom,7
679,europea,7
680,projectorbi,7
681,chang,7
682,sobr,7
683,chroniqu,7
684,ilac,7
685,bei,7
686,obinutuzumabchlorambucil,7
687,inhib,7
688,editori,7
689,cocacola,7
690,acerta,7
691,detail,7
692,thought,7
693,action,7
694,cv,7
695,wang,7
696,lungo,7
697,den,7
698,note,7
699,lymphod,7
700,delay,7
701,success,7
702,ace,7
703,crtico,7
704,jennif,7
705,occur,7
706,journal,7
707,union,7
708,nuevo,7
709,medi,7
710,given,7
711,common,7
712,termin,7
713,como,7
714,nur,7
715,anticanc,7
716,long,7
717,accept,7
718,trade,7
719,form,7
720,abbv,7
721,auf,7
722,congress,7
723,overact,7
724,tollerabilit,7
725,lampson,7
726,lancet,7
727,consid,7
728,abl,7
729,approvato,7
730,limit,7
731,att,7
732,cut,7
733,leukmi,7
734,wonder,7
735,antigen,7
736,concern,7
737,let,7
738,nd,7
739,multipl,6
740,nella,6
741,got,6
742,cellul,6
743,issu,6
744,migliora,6
745,potenc,6
746,sloankett,6
747,jnj,6
748,transplant,6
749,similar,6
750,molecular,6
751,prima,6
752,causa,6
753,jampj,6
754,goal,6
755,mostrado,6
756,pm,6
757,cour,6
758,countri,6
759,name,6
760,prescrib,6
761,tp,6
762,grade,6
763,preclin,6
764,muestra,6
765,bemcentinib,6
766,calquencehcp,6
767,cycl,6
768,ya,6
769,way,6
770,det,6
771,drmdavid,6
772,achiev,6
773,lisocabtagen,6
774,wm,6
775,libr,6
776,discharg,6
777,remiss,6
778,least,6
779,readi,6
780,acala,6
781,koronavir,6
782,dose,6
783,ibrutinibintol,6
784,landscap,6
785,resourc,6
786,done,6
787,br,6
788,lacalabrutinib,6
789,buy,6
790,bleed,6
791,johnson,6
792,due,6
793,usa,6
794,fibril,6
795,aliv,6
796,dampen,6
797,va,6
798,dc,6
799,indepth,6
800,maraleucel,6
801,dcgi,6
802,mantlecel,6
803,von,6
804,biopharma,6
805,mailonlin,6
806,r,6
807,made,6
808,aggress,6
809,della,6
810,lylsm,6
811,keep,6
812,rct,6
813,newtrip,6
814,beneficio,6
815,breakthrough,6
816,permiss,6
817,awandoc,6
818,class,6
819,healthi,6
820,stock,6
821,theprintindia,6
822,chronisch,6
823,tablet,6
824,nonhodgkinslymphoma,6
825,cohort,6
826,noninferior,6
827,apto,6
828,combatir,6
829,inform,6
830,talk,6
831,elevaterr,6
832,ok,6
833,assess,6
834,avo,6
835,chimer,6
836,china,6
837,nou,6
838,notic,6
839,inflammatori,6
840,inten,6
841,noticia,6
842,superar,6
843,peor,6
844,confirm,6
845,awesomecapit,6
846,supervivencia,6
847,atrial,6
848,fase,6
849,studio,6
850,thelancet,6
851,provoca,5
852,deci,5
853,calquencecalavi,5
854,quinasa,5
855,uso,5
856,standardofcar,5
857,kan,5
858,tempo,5
859,agenc,5
860,seem,5
861,comitatoimi,5
862,calmar,5
863,viru,5
864,state,5
865,comitatoimionlu,5
866,feel,5
867,secondari,5
868,question,5
869,daili,5
870,lymphom,5
871,air,5
872,march,5
873,scientist,5
874,imalatiinvisibili,5
875,im,5
876,durat,5
877,mclsm,5
878,tedavisind,5
879,utswnew,5
880,pazienti,5
881,marrow,5
882,stage,5
883,qualiti,5
884,heat,5
885,fiercepharma,5
886,du,5
887,proport,5
888,comitatoimalatiinvisibili,5
889,bioavail,5
890,gamot,5
891,pb,5
892,ohiost,5
893,lymphatisch,5
894,dem,5
895,cn,5
896,libero,5
897,opinion,5
898,bsc,5
899,av,5
900,har,5
901,surpri,5
902,ema,5
903,late,5
904,requir,5
905,forward,5
906,briefastrazeneca,5
907,pancreat,5
908,zilucoplan,5
909,respond,5
910,hat,5
911,doh,5
912,clinicalresearch,5
913,pa,5
914,zulassung,5
915,resultat,5
916,zur,5
917,aacrcovid,5
918,bm,5
919,life,5
920,room,5
921,want,5
922,institut,5
923,fup,5
924,adulto,5
925,upfront,5
926,info,5
927,staudt,5
928,wait,5
929,lower,5
930,five,5
931,real,5
932,acut,5
933,lifesci,5
934,patienten,5
935,insight,5
936,weve,5
937,lkemedlet,5
938,lkemedel,5
939,syndrom,5
940,bloodjourn,5
941,linea,5
942,estim,5
943,co,5
944,tester,5
945,vario,5
946,efectivo,5
947,popul,5
948,showdown,5
949,showca,5
950,thursday,5
951,ph,5
952,neg,5
953,ineffect,5
954,soho,5
955,cover,5
956,pharmatim,5
957,ard,5
958,press,5
959,twice,5
960,benefici,5
961,coverag,5
962,toward,5
963,hiperinflamatoria,5
964,monoterapia,5
965,non,5
966,count,5
967,plea,5
968,size,5
969,potent,5
970,corona,5
971,poster,5
972,nathanvardi,5
973,annual,5
974,govt,5
975,naiv,5
976,annaschuh,5
977,europa,5
978,andor,5
979,baml,5
980,correct,5
981,chemotherapi,5
982,hindi,5
983,transform,5
984,incid,5
985,preliminari,5
986,fcr,5
987,england,5
988,sound,5
989,consist,5
990,allow,5
991,applic,5
992,th,5
993,member,5
994,unit,5
995,ein,5
996,tipo,5
997,problem,5
998,carcinoma,5
999,although,5
1000,perfil,5
1001,amaz,5
1002,efficacia,5
1003,contr,5
1004,featur,5
1005,carenet,5
1006,covidpati,5
1007,plc,5
1008,donn,4
1009,oxigenacin,4
1010,portfolio,4
1011,reimbur,4
1012,chemotherapyfr,4
1013,congratul,4
1014,nonhodgkin,4
1015,chandnahimani,4
1016,british,4
1017,pi,4
1018,contribut,4
1019,paper,4
1020,linfocitica,4
1021,regist,4
1022,larg,4
1023,oncologytribun,4
1024,oncologist,4
1025,nct,4
1026,next,4
1027,pharmiweb,4
1028,idea,4
1029,esperanza,4
1030,drop,4
1031,last,4
1032,btkacalabrutinibcllsl,4
1033,rest,4
1034,irrev,4
1035,replac,4
1036,io,4
1037,inmun,4
1038,night,4
1039,leedshospit,4
1040,center,4
1041,introduct,4
1042,hypothesi,4
1043,otro,4
1044,optim,4
1045,pair,4
1046,other,4
1047,eficacia,4
1048,emerg,4
1049,repr,4
1050,cncere,4
1051,laterstag,4
1052,nda,4
1053,conduct,4
1054,broader,4
1055,lifestyl,4
1056,btkacalabrutinibcl,4
1057,investigador,4
1058,cytarabin,4
1059,pathway,4
1060,morn,4
1061,prueban,4
1062,creat,4
1063,caregiv,4
1064,covidncanc,4
1065,covidinduc,4
1066,jun,4
1067,june,4
1068,pump,4
1069,eradat,4
1070,push,4
1071,janrynn,4
1072,complic,4
1073,malattierar,4
1074,quickli,4
1075,maintain,4
1076,dati,4
1077,nh,4
1078,date,4
1079,cancernew,4
1080,program,4
1081,nuova,4
1082,mede,4
1083,interferon,4
1084,percent,4
1085,propagacin,4
1086,produc,4
1087,michael,4
1088,nu,4
1089,novo,4
1090,probaron,4
1091,proud,4
1092,imfinzi,4
1093,immunomodulatori,4
1094,oct,4
1095,dec,4
1096,record,4
1097,mot,4
1098,endcanc,4
1099,describ,4
1100,loxo,4
1101,power,4
1102,myeloma,4
1103,bv,4
1104,pharmashot,4
1105,ki,4
1106,busi,4
1107,love,4
1108,ce,4
1109,lovand,4
1110,loui,4
1111,burger,4
1112,nation,4
1113,reaccin,4
1114,ppi,4
1115,pr,4
1116,kanseri,4
1117,race,4
1118,ci,4
1119,presenta,4
1120,move,4
1121,combinazion,4
1122,delet,4
1123,mrd,4
1124,induc,4
1125,chlorambucilobinutuzumab,4
1126,much,4
1127,interv,4
1128,rapidli,4
1129,cost,4
1130,predict,4
1131,enlv,4
1132,forecast,4
1133,till,4
1134,skyhigh,4
1135,behind,4
1136,behandlung,4
1137,singlestocketp,4
1138,yesterday,4
1139,facilit,4
1140,ticker,4
1141,glyc,4
1142,blocker,4
1143,fatigu,4
1144,tout,4
1145,run,4
1146,heparin,4
1147,salud,4
1148,fintech,4
1149,ago,4
1150,far,4
1151,view,4
1152,still,4
1153,baricitinib,4
1154,targetedonc,4
1155,bloqueara,4
1156,favipiravir,4
1157,visit,4
1158,govern,4
1159,sale,4
1160,thewiderwiserview,4
1161,trata,4
1162,seri,4
1163,sur,4
1164,seek,4
1165,worst,4
1166,astrazenecau,4
1167,bgr,4
1168,seguridad,4
1169,biggest,4
1170,extub,4
1171,scientif,4
1172,alguno,4
1173,bestinclass,4
1174,seriou,4
1175,whether,4
1176,hit,4
1177,etkisiz,4
1178,alert,4
1179,tki,4
1180,za,4
1181,unido,4
1182,financ,4
1183,even,4
1184,bendamustinerituximab,4
1185,withdraw,4
1186,siddiqi,4
1187,goldman,4
1188,beat,4
1189,greater,4
1190,trend,4
1191,expand,4
1192,rever,4
1193,advisori,4
1194,bra,4
1195,stem,4
1196,st,4
1197,stay,4
1198,speaker,4
1199,front,4
1200,rise,4
1201,fallen,4
1202,rice,4
1203,exec,4
1204,vjhemonc,4
1205,sourc,4
1206,antibodi,4
1207,anemia,4
1208,af,4
1209,terminu,4
1210,tga,4
1211,mednew,3
1212,extend,3
1213,inhibiteur,3
1214,trav,3
1215,lesli,3
1216,wow,3
1217,unfit,3
1218,carri,3
1219,ang,3
1220,pequeo,3
1221,givlaari,3
1222,severo,3
1223,tobyeyr,3
1224,metaanalysi,3
1225,earlystag,3
1226,speak,3
1227,origin,3
1228,einer,3
1229,undetect,3
1230,tree,3
1231,secondgen,3
1232,fastest,3
1233,bid,3
1234,york,3
1235,pre,3
1236,ccc,3
1237,acquir,3
1238,cc,3
1239,baarsz,3
1240,lilli,3
1241,ben,3
1242,und,3
1243,proporcion,3
1244,sicurezza,3
1245,jefferi,3
1246,sick,3
1247,catch,3
1248,sia,3
1249,severelyil,3
1250,suppress,3
1251,yr,3
1252,flunk,3
1253,nasdaq,3
1254,dor,3
1255,pd,3
1256,mejor,3
1257,prolonga,3
1258,determin,3
1259,pembro,3
1260,sell,3
1261,capiot,3
1262,capaz,3
1263,profilo,3
1264,attempt,3
1265,bgne,3
1266,expect,3
1267,gild,3
1268,seemaalibhat,3
1269,segn,3
1270,nicecomm,3
1271,producido,3
1272,almost,3
1273,yo,3
1274,merck,3
1275,infecti,3
1276,dimostrata,3
1277,berotralstat,3
1278,cuadro,3
1279,tre,3
1280,draft,3
1281,await,3
1282,septemb,3
1283,probado,3
1284,ouhresearch,3
1285,dieron,3
1286,efecto,3
1287,medium,3
1288,ou,3
1289,youtub,3
1290,emanew,3
1291,someth,3
1292,practic,3
1293,ed,3
1294,j,3
1295,mort,3
1296,gracia,3
1297,sni,3
1298,tweet,3
1299,twitter,3
1300,hemonctoday,3
1301,pipelin,3
1302,enrol,3
1303,analyst,3
1304,place,3
1305,slow,3
1306,frn,3
1307,anakinra,3
1308,nei,3
1309,driven,3
1310,pharmacodynam,3
1311,sonpavd,3
1312,play,3
1313,anaphylaxi,3
1314,industri,3
1315,ebit,3
1316,wwierda,3
1317,pharmatopnew,3
1318,patholog,3
1319,chez,3
1320,indirect,3
1321,solucin,3
1322,solo,3
1323,son,3
1324,tuesday,3
1325,effort,3
1326,dpaafx,3
1327,chemo,3
1328,particl,3
1329,particip,3
1330,encuentran,3
1331,avanzado,3
1332,tune,3
1333,enhertu,3
1334,jame,3
1335,che,3
1336,avanc,3
1337,mumbai,3
1338,pgrivasmdphd,3
1339,papel,3
1340,posibl,3
1341,neuro,3
1342,neutropenia,3
1343,covidtreat,3
1344,ivermectina,3
1345,ecanc,3
1346,australian,3
1347,yield,3
1348,subsequ,3
1349,auspar,3
1350,persist,3
1351,umrd,3
1352,dramat,3
1353,anyon,3
1354,significativo,3
1355,crctu,3
1356,tollerato,3
1357,pharmaphorum,3
1358,sight,3
1359,inc,3
1360,site,3
1361,dexamethason,3
1362,clear,3
1363,lefficacia,3
1364,explain,3
1365,bcl,3
1366,ublituximab,3
1367,incorpor,3
1368,pneumonia,3
1369,mut,3
1370,healio,3
1371,enter,3
1372,modifi,3
1373,ue,3
1374,point,3
1375,choic,3
1376,toplin,3
1377,whole,3
1378,inclu,3
1379,bec,3
1380,hear,3
1381,je,3
1382,interact,3
1383,cancerdrug,3
1384,reason,3
1385,ruxolitinib,3
1386,olan,3
1387,combat,3
1388,idelalisibrituximab,3
1389,recidiv,3
1390,burton,3
1391,okd,3
1392,actual,3
1393,wcmclymphoma,3
1394,half,3
1395,around,3
1396,rtr,3
1397,lack,3
1398,recurr,3
1399,bueno,3
1400,esto,3
1401,buena,3
1402,main,3
1403,gain,3
1404,interleukin,3
1405,gagamitin,3
1406,competit,3
1407,vida,3
1408,hr,3
1409,ahead,3
1410,cagr,3
1411,deal,3
1412,han,3
1413,vencer,3
1414,venclexta,3
1415,aim,3
1416,tag,3
1417,sakigakedesign,3
1418,hallazgo,3
1419,friday,3
1420,manto,3
1421,gazyva,3
1422,rd,3
1423,blcsm,3
1424,reach,3
1425,nov,3
1426,om,3
1427,howev,3
1428,novanthealth,3
1429,tiansterzhang,3
1430,rybelsu,3
1431,ryan,3
1432,oldu,3
1433,realli,3
1434,blockbust,3
1435,refuerzan,3
1436,id,3
1437,regim,3
1438,kidneycanc,3
1439,risultati,3
1440,lymphoci,3
1441,drugmak,3
1442,tell,3
1443,waldenstrom,3
1444,richter,3
1445,nyphospit,3
1446,residu,3
1447,licen,3
1448,observaron,3
1449,fit,3
1450,fake,3
1451,voor,3
1452,ascendstudi,3
1453,obin,3
1454,ltd,3
1455,object,3
1456,commiss,3
1457,respuesta,3
1458,brainsight,3
1459,revela,3
1460,breast,3
1461,retreat,3
1462,nv,3
1463,ab,3
1464,diffu,3
1465,humira,3
1466,nueva,3
1467,roxadustat,3
1468,deep,3
1469,guid,3
1470,dei,3
1471,interim,3
1472,roschewskimd,3
1473,zoom,3
1474,descubrimiento,3
1475,bloquear,3
1476,affect,3
1477,especialista,3
1478,fue,3
1479,roger,3
1480,lab,3
1481,icmrdelhi,3
1482,difficulti,3
1483,robust,3
1484,nuovi,3
1485,hae,3
1486,renalcel,3
1487,rival,3
1488,maria,3
1489,olduu,3
1490,though,3
1491,mayb,3
1492,onlin,3
1493,ftse,3
1494,danieljgeorg,3
1495,svrt,3
1496,astrazenecann,3
1497,dive,3
1498,systemat,3
1499,knew,3
1500,ila,3
1501,van,3
1502,logr,3
1503,generazion,3
1504,aprueba,3
1505,dune,3
1506,zdravilo,3
1507,matur,3
1508,variou,3
1509,qui,3
1510,mato,3
1511,etindustrynew,3
1512,drdonaldharvey,3
1513,svre,3
1514,sciencemagazin,3
1515,durvalumab,3
1516,eye,3
1517,astrazenica,3
1518,search,3
1519,nivel,3
1520,proton,3
1521,protonpump,3
1522,detect,3
1523,act,3
1524,score,3
1525,mech,3
1526,prueba,3
1527,mean,3
1528,apr,3
1529,util,3
1530,journalcanc,3
1531,mdico,3
1532,public,3
1533,mdicament,3
1534,publicado,3
1535,saw,3
1536,sponsor,3
1537,astrazenca,3
1538,sanraffaelemi,3
1539,rabeprazol,3
1540,jtcancerc,3
1541,thing,3
1542,nordisk,3
1543,sarahcannondoc,3
1544,coauthor,3
1545,matchingadjust,3
1546,calquencea,3
1547,sangr,3
1548,calquenceacalabrutinib,3
1549,hand,3
1550,ethealthworld,3
1551,ven,3
1552,newsflow,2
1553,didnt,2
1554,timelimit,2
1555,interestingli,2
1556,nicol,2
1557,ist,2
1558,nya,2
1559,wk,2
1560,coronapati,2
1561,diff,2
1562,anthonymatomd,2
1563,nccn,2
1564,trattati,2
1565,anti,2
1566,nombr,2
1567,nci,2
1568,lifethreaten,2
1569,guidelin,2
1570,nouveau,2
1571,therefor,2
1572,nursel,2
1573,gotohem,2
1574,grand,2
1575,flinn,2
1576,conclu,2
1577,concurr,2
1578,nari,2
1579,obinotuzumab,2
1580,nilotinib,2
1581,til,2
1582,einstufung,2
1583,acalarutinib,2
1584,nieuw,2
1585,commun,2
1586,wirkung,2
1587,notimex,2
1588,gsk,2
1589,grupo,2
1590,nicola,2
1591,obat,2
1592,farmaco,2
1593,interchang,2
1594,nl,2
1595,nytim,2
1596,throw,2
1597,testi,2
1598,normal,2
1599,farxiga,2
1600,conocida,2
1601,approva,2
1602,neutral,2
1603,aprobacin,2
1604,gravement,2
1605,trabajo,2
1606,arqul,2
1607,grow,2
1608,eg,2
1609,complex,2
1610,tl,2
1611,irmarast,2
1612,gre,2
1613,congrat,2
1614,theori,2
1615,tra,2
1616,drharshvardhan,2
1617,nonsmal,2
1618,newslett,2
1619,antineoplast,2
1620,graft,2
1621,total,2
1622,completo,2
1623,apliqu,2
1624,tox,2
1625,argentina,2
1626,nello,2
1627,track,2
1628,neue,2
1629,ncripartn,2
1630,compet,2
1631,ehahematolog,2
1632,ireland,2
1633,apg,2
1634,wo,2
1635,that,2
1636,antiil,2
1637,the,2
1638,drive,2
1639,april,2
1640,nebuli,2
1641,farmacutica,2
1642,antiinflammatori,2
1643,diarrhoea,2
1644,togeth,2
1645,novarti,2
1646,thelancethaem,2
1647,invest,2
1648,comun,2
1649,connect,2
1650,tip,2
1651,appreci,2
1652,titl,2
1653,wish,2
1654,fastestev,2
1655,kunnen,2
1656,wire,2
1657,dasatinib,2
1658,dat,2
1659,mayoclin,2
1660,mavrilimumab,2
1661,match,2
1662,dun,2
1663,massiv,2
1664,david,2
1665,kinasa,2
1666,actemra,2
1667,jump,2
1668,weekend,2
1669,markt,2
1670,marketwatch,2
1671,fu,2
1672,gcib,2
1673,mark,2
1674,marisol,2
1675,margin,2
1676,venc,2
1677,gchl,2
1678,vent,2
1679,manufactur,2
1680,webinar,2
1681,gave,2
1682,aid,2
1683,durant,2
1684,alessandra,2
1685,itinuloy,2
1686,danilov,2
1687,allo,2
1688,uptak,2
1689,urbieta,2
1690,cytokiniqu,2
1691,medica,2
1692,urothelialcanc,2
1693,mediat,2
1694,fellow,2
1695,us,2
1696,lnea,2
1697,usba,2
1698,went,2
1699,locat,2
1700,usinvestmentbank,2
1701,measur,2
1702,usual,2
1703,dx,2
1704,ut,2
1705,mdor,2
1706,mdicamentsetinstrumentsmdicaux,2
1707,utswcanc,2
1708,uu,2
1709,vacuna,2
1710,valu,2
1711,valuabl,2
1712,gauntlet,2
1713,ai,2
1714,manteau,2
1715,vergeir,2
1716,adalah,2
1717,vissa,2
1718,karmanoscanc,2
1719,vitro,2
1720,add,2
1721,fwpharma,2
1722,drugnam,2
1723,adviert,2
1724,adjuv,2
1725,vivo,2
1726,drugdiscoveri,2
1727,advi,2
1728,demostr,2
1729,ly,2
1730,drugdevelop,2
1731,firm,2
1732,administra,2
1733,drugandmeddev,2
1734,fund,2
1735,lt,2
1736,derm,2
1737,lukanol,2
1738,keytruda,2
1739,ludwig,2
1740,derrifordhosp,2
1741,fuent,2
1742,lymphomacalqu,2
1743,lymphomahub,2
1744,mainli,2
1745,dead,2
1746,deadli,2
1747,ahora,2
1748,garner,2
1749,malattia,2
1750,malatti,2
1751,malad,2
1752,dtwmarkethighlight,2
1753,debat,2
1754,dtress,2
1755,kill,2
1756,kald,2
1757,afectado,2
1758,lorilesliemd,2
1759,aggressivo,2
1760,fintechzoom,2
1761,kanker,2
1762,vigorbot,2
1763,deferasirox,2
1764,defin,2
1765,kanser,2
1766,fyi,2
1767,fire,2
1768,lynparza,2
1769,allogen,2
1770,allon,2
1771,medicina,2
1772,januari,2
1773,mpf,2
1774,tumori,2
1775,and,2
1776,motiv,2
1777,god,2
1778,mostli,2
1779,coval,2
1780,analyz,2
1781,dezemb,2
1782,covi,2
1783,anali,2
1784,covidastrazenecabtkcalqu,2
1785,anaemia,2
1786,an,2
1787,jan,2
1788,monocyt,2
1789,monoclon,2
1790,covidclinicaltri,2
1791,monitor,2
1792,money,2
1793,monday,2
1794,momento,2
1795,wide,2
1796,acertapharma,2
1797,uclahealth,2
1798,tumor,2
1799,anda,2
1800,mrharrisonmd,2
1801,een,2
1802,nacion,2
1803,nab,2
1804,accompani,2
1805,linfoctico,2
1806,angesicht,2
1807,ef,2
1808,ive,2
1809,muy,2
1810,coronavirustreat,2
1811,eeuu,2
1812,anecdot,2
1813,dia,2
1814,mrk,2
1815,correl,2
1816,trump,2
1817,ee,2
1818,multicentr,2
1819,trunk,2
1820,trust,2
1821,educ,2
1822,muert,2
1823,tto,2
1824,muc,2
1825,linibitor,2
1826,molecul,2
1827,mohfwindia,2
1828,medika,2
1829,moffittnew,2
1830,crukbi,2
1831,crypto,2
1832,cryptocurr,2
1833,unin,2
1834,altern,2
1835,earlier,2
1836,univ,2
1837,jim,2
1838,ea,2
1839,jnccn,2
1840,unknown,2
1841,unmut,2
1842,uno,2
1843,unsuit,2
1844,curv,2
1845,untuk,2
1846,unveil,2
1847,gist,2
1848,cyclophosphamid,2
1849,allvirtu,2
1850,medtwitt,2
1851,medscapel,2
1852,allosct,2
1853,upl,2
1854,allontana,2
1855,unfortun,2
1856,mga,2
1857,what,2
1858,fl,2
1859,listen,2
1860,covidpandem,2
1861,moder,2
1862,covidrel,2
1863,mo,2
1864,librari,2
1865,javier,2
1866,covidvaccin,2
1867,jco,2
1868,amgen,2
1869,americancanc,2
1870,white,2
1871,cross,2
1872,umut,2
1873,minim,2
1874,miglioramento,2
1875,amalanan,2
1876,alway,2
1877,criterion,2
1878,critic,2
1879,alvaajjai,2
1880,feed,2
1881,michaeloverman,2
1882,une,2
1883,ecm,2
1884,suppli,2
1885,testar,2
1886,bien,2
1887,cancerdata,2
1888,immedi,2
1889,prospect,2
1890,aca,2
1891,prophylaxi,2
1892,bi,2
1893,promissor,2
1894,secundario,2
1895,cancerresearch,2
1896,cancertrialsi,2
1897,candid,2
1898,cannot,2
1899,lauru,2
1900,programm,2
1901,selectivo,2
1902,immunfrsvaret,2
1903,selinexor,2
1904,immunochemotherapi,2
1905,produjo,2
1906,captur,2
1907,europisch,2
1908,hjlpa,2
1909,separ,2
1910,immunomodul,2
1911,serait,2
1912,bestimmt,2
1913,cardioonc,2
1914,protect,2
1915,imho,2
1916,session,2
1917,seattlecca,2
1918,biib,2
1919,calquencein,2
1920,sciencelink,2
1921,calquencen,2
1922,calquenceobinutuzumab,2
1923,pubm,2
1924,calquencereu,2
1925,door,2
1926,er,2
1927,bigli,2
1928,scitechdaili,2
1929,pst,2
1930,cambridg,2
1931,prxima,2
1932,cambridgeshir,2
1933,came,2
1934,imatinib,2
1935,scoopit,2
1936,prtimesjp,2
1937,scrambl,2
1938,canadian,2
1939,eua,2
1940,screen,2
1941,sea,2
1942,seala,2
1943,protocol,2
1944,equiti,2
1945,immunoonc,2
1946,primero,2
1947,xagena,2
1948,precisionmedicin,2
1949,everi,2
1950,entwickelt,2
1951,signal,2
1952,leader,2
1953,in,2
1954,cdsco,2
1955,simultan,2
1956,highlevel,2
1957,diseado,2
1958,postkadcyla,2
1959,celentyxltd,2
1960,singlearm,2
1961,postelect,2
1962,sintomi,2
1963,celgen,2
1964,positiv,2
1965,higher,2
1966,sistemind,2
1967,testa,2
1968,hidroxicloroquina,2
1969,sjuka,2
1970,yaitu,2
1971,politico,2
1972,polit,2
1973,policenama,2
1974,xcopri,2
1975,ceo,2
1976,precedent,2
1977,ever,2
1978,lay,2
1979,young,2
1980,primario,2
1981,histori,2
1982,severecovid,2
1983,immunosuppress,2
1984,pri,2
1985,previouslytr,2
1986,immunoth,2
1987,immunotherapi,2
1988,lccc,2
1989,benjamin,2
1990,pretti,2
1991,impair,2
1992,pressur,2
1993,seymour,2
1994,bendamustinerituximabhighdo,2
1995,presentati,2
1996,shot,2
1997,presentar,2
1998,enzym,2
1999,catalyst,2
2000,sich,2
2001,prescient,2
2002,sickest,2
2003,belsst,2
2004,doubl,2
2005,prefer,2
2006,ldh,2
2007,bij,2
2008,ett,2
2009,bilang,2
2010,bodi,2
2011,brutonkina,2
2012,especial,2
2013,ro,2
2014,ic,2
2015,roch,2
2016,bnfiqu,2
2017,relref,2
2018,especi,2
2019,relief,2
2020,ico,2
2021,estadosunido,2
2022,rosario,2
2023,huge,2
2024,roughli,2
2025,round,2
2026,btkacalabrutinibcllsllmcl,2
2027,regul,2
2028,htn,2
2029,bloodcancerirl,2
2030,refrattariorecidivato,2
2031,refrattaria,2
2032,bloodcancerawarenessmonth,2
2033,refractaria,2
2034,reflect,2
2035,rrcll,2
2036,rsultat,2
2037,blog,2
2038,renal,2
2039,hydroxychloroquin,2
2040,homologu,2
2041,bruce,2
2042,reutersn,2
2043,retic,2
2044,hyperinflamm,2
2045,bosutinib,2
2046,respiratoria,2
2047,rhhbi,2
2048,respiratoir,2
2049,respir,2
2050,respect,2
2051,booth,2
2052,hypoxia,2
2053,hyperact,2
2054,reson,2
2055,brief,2
2056,ian,2
2057,bone,2
2058,ibii,2
2059,ibr,2
2060,esser,2
2061,right,2
2062,rightrelev,2
2063,ibrutinibacalabrutinib,2
2064,rinvoq,2
2065,rispetto,2
2066,risposta,2
2067,brought,2
2068,brown,2
2069,rt,2
2070,reducira,2
2071,recoveri,2
2072,rttnew,2
2073,bir,2
2074,ighv,2
2075,erlotinib,2
2076,salut,2
2077,biotechnew,2
2078,forum,2
2079,sampl,2
2080,rai,2
2081,rad,2
2082,sant,2
2083,quit,2
2084,save,2
2085,quimioterapia,2
2086,zeigt,2
2087,quick,2
2088,scam,2
2089,questa,2
2090,zdravljenj,2
2091,erictopol,2
2092,quarter,2
2093,calquencecl,2
2094,calquencecoviddrug,2
2095,scheme,2
2096,qollor,2
2097,qd,2
2098,latestag,2
2099,ac,2
2100,rapido,2
2101,rare,2
2102,lapatinib,2
2103,readout,2
2104,rule,2
2105,zonder,2
2106,bullish,2
2107,burd,2
2108,rechut,2
2109,former,2
2110,receipt,2
2111,lamanna,2
2112,blockchain,2
2113,rx,2
2114,buyout,2
2115,realdonaldtrump,2
2116,document,2
2117,cadth,2
2118,byjongardn,2
2119,sach,2
2120,zinc,2
2121,hour,2
2122,ie,2
2123,hou,2
2124,bladdercanc,2
2125,rb,2
2126,ziel,2
2127,host,2
2128,docguid,2
2129,rari,2
2130,xcm,2
2131,highdo,2
2132,pod,2
2133,knownow,2
2134,sun,2
2135,outperform,2
2136,inibitor,2
2137,leukemiamda,2
2138,cllireland,2
2139,leukemiasm,2
2140,outbreak,2
2141,sunitinib,2
2142,ottien,2
2143,dimostrato,2
2144,harm,2
2145,otherwi,2
2146,attack,2
2147,atop,2
2148,descartan,2
2149,orphanpacif,2
2150,cllsocieti,2
2151,leukimia,2
2152,sure,2
2153,atezolizumab,2
2154,inl,2
2155,surg,2
2156,close,2
2157,cltap,2
2158,opnam,2
2159,happi,2
2160,openlabel,2
2161,known,2
2162,empfohlen,2
2163,astrazenecapharmaindia,2
2164,hastalarnn,2
2165,stuk,2
2166,clb,2
2167,leucopenia,2
2168,click,2
2169,headlinesgtgt,2
2170,paid,2
2171,po,2
2172,paghanap,2
2173,clinicalbenefit,2
2174,pafsc,2
2175,pada,2
2176,empieza,2
2177,authackeray,2
2178,submit,2
2179,fludarabin,2
2180,sugier,2
2181,exploratori,2
2182,oxgeno,2
2183,oxford,2
2184,oxbryta,2
2185,owen,2
2186,leukemi,2
2187,overview,2
2188,overreact,2
2189,overman,2
2190,suivi,2
2191,hay,2
2192,ello,2
2193,happen,2
2194,student,2
2195,ohsunew,2
2196,ohiostatedevelop,2
2197,tap,2
2198,combinato,2
2199,often,2
2200,offtarget,2
2201,targetedtherapi,2
2202,taskforc,2
2203,aspergillosi,2
2204,tc,2
2205,offenen,2
2206,instituto,2
2207,tcl,2
2208,oder,2
2209,retrospect,2
2210,libera,2
2211,ashrc,2
2212,och,2
2213,tedeschi,2
2214,fait,2
2215,asct,2
2216,haberin,2
2217,obtm,2
2218,wor,2
2219,observacion,2
2220,objetivo,2
2221,commerci,2
2222,h,2
2223,fact,2
2224,oit,2
2225,worldwid,2
2226,klinisk,2
2227,op,2
2228,ont,2
2229,innov,2
2230,facebook,2
2231,astrazenecabtkcalquencecovid,2
2232,elig,2
2233,oncopharm,2
2234,astrazenecabtkcalquencecllph,2
2235,oncologytopnew,2
2236,oncologytim,2
2237,astrazenecaamp,2
2238,oncologynur,2
2239,oncologyataz,2
2240,flop,2
2241,symptomat,2
2242,eli,2
2243,insid,2
2244,onc,2
2245,coke,2
2246,tagrisso,2
2247,inspect,2
2248,hallada,2
2249,oluan,2
2250,collect,2
2251,collin,2
2252,kliniska,2
2253,digest,2
2254,studiendaten,2
2255,authori,2
2256,frankfurt,2
2257,person,2
2258,indicano,2
2259,chemofr,2
2260,phb,2
2261,solid,2
2262,hematopoiet,2
2263,engipm,2
2264,solut,2
2265,chief,2
2266,pharmastar,2
2267,sometim,2
2268,baklk,2
2269,induct,2
2270,wurd,2
2271,hematologyoncolog,2
2272,industria,2
2273,chine,2
2274,industriafarmacutica,2
2275,bad,2
2276,sonular,2
2277,soon,2
2278,sopravvivenza,2
2279,healthday,2
2280,sorunlar,2
2281,sought,2
2282,choc,2
2283,pertenec,2
2284,discern,2
2285,softwar,2
2286,indicado,2
2287,chemic,2
2288,battl,2
2289,pnn,2
2290,pmlive,2
2291,korona,2
2292,skill,2
2293,plt,2
2294,pll,2
2295,incr,2
2296,cett,2
2297,herbert,2
2298,discoveri,2
2299,incremento,2
2300,chair,2
2301,plasma,2
2302,acalabrutinibcapsul,2
2303,basklama,2
2304,basi,2
2305,pit,2
2306,smalllymphocyticlymphoma,2
2307,smartnew,2
2308,baselga,2
2309,piii,2
2310,pii,2
2311,charg,2
2312,pick,2
2313,hemonc,2
2314,baru,2
2315,persona,2
2316,soriot,2
2317,leu,2
2318,franci,2
2319,pay,2
2320,statist,2
2321,infantil,2
2322,patinten,2
2323,steal,2
2324,averag,2
2325,informacin,2
2326,avec,2
2327,avapritinib,2
2328,cisionsverig,2
2329,cite,2
2330,citocina,2
2331,heard,2
2332,pasient,2
2333,pascal,2
2334,partner,2
2335,particularli,2
2336,stockmarket,2
2337,parol,2
2338,healthnew,2
2339,clarif,2
2340,clase,2
2341,stockstowatch,2
2342,par,2
2343,standardfcar,2
2344,desarrollado,2
2345,heel,2
2346,pend,2
2347,expan,2
2348,infectiousdisea,2
2349,disappoint,2
2350,pearl,2
2351,spi,2
2352,peak,2
2353,chroni,2
2354,expen,2
2355,penni,2
2356,space,2
2357,pero,2
2358,inflamatoria,2
2359,drchrispfox,1
2360,drink,1
2361,fix,1
2362,donc,1
2363,forbesresearch,1
2364,fiveyear,1
2365,drsidmukherj,1
2366,flat,1
2367,drdanperski,1
2368,dropout,1
2369,folosit,1
2370,drsrbrown,1
2371,float,1
2372,forbestech,1
2373,drdaveonc,1
2374,dra,1
2375,drmuffi,1
2376,forbesbr,1
2377,donaldjtrumpjr,1
2378,drstico,1
2379,dolor,1
2380,flera,1
2381,follicular,1
2382,fleme,1
2383,dopo,1
2384,draseemmalhotra,1
2385,footstep,1
2386,flight,1
2387,donnellystephen,1
2388,drjamkothari,1
2389,drew,1
2390,flertalet,1
2391,donor,1
2392,flotu,1
2393,dosi,1
2394,doxorubicin,1
2395,fli,1
2396,drdrew,1
2397,fondamentali,1
2398,forbesbrasil,1
2399,essai,1
2400,fish,1
2401,ensur,1
2402,enfermo,1
2403,exhibit,1
2404,enfortumabvedotin,1
2405,excess,1
2406,excesiva,1
2407,except,1
2408,enjoy,1
2409,exampl,1
2410,enligt,1
2411,ex,1
2412,enfermeda,1
2413,evolv,1
2414,enta,1
2415,evitar,1
2416,evidenz,1
2417,evidencia,1
2418,entr,1
2419,everyth,1
2420,entrada,1
2421,entri,1
2422,existenteel,1
2423,endusersappl,1
2424,firstpost,1
2425,exten,1
2426,ell,1
2427,f,1
2428,elonmusk,1
2429,em,1
2430,emaapprov,1
2431,extrem,1
2432,ematologia,1
2433,emilyreviewscom,1
2434,empeoramiento,1
2435,exposur,1
2436,endpt,1
2437,exploratoir,1
2438,empresa,1
2439,expliqu,1
2440,encim,1
2441,encompass,1
2442,encontraron,1
2443,encuentra,1
2444,experti,1
2445,experimentacin,1
2446,everyon,1
2447,entx,1
2448,enzalutamid,1
2449,estudiaban,1
2450,dollar,1
2451,error,1
2452,erstmal,1
2453,erteilt,1
2454,esalud,1
2455,escena,1
2456,estudo,1
2457,escuch,1
2458,ese,1
2459,esfuerzan,1
2460,eventu,1
2461,eshlymphoid,1
2462,estrategia,1
2463,esmo,1
2464,eso,1
2465,esomeprazol,1
2466,estando,1
2467,establish,1
2468,establec,1
2469,essay,1
2470,etc,1
2471,erleneseymour,1
2472,ethanol,1
2473,erkrankungen,1
2474,eventsamp,1
2475,enzima,1
2476,ep,1
2477,evan,1
2478,epidemia,1
2479,europischen,1
2480,europenn,1
2481,epidemiolog,1
2482,epigallocatechin,1
2483,euro,1
2484,epitom,1
2485,era,1
2486,erheblich,1
2487,eric,1
2488,etoposid,1
2489,etkinliini,1
2490,erictrump,1
2491,etiqueta,1
2492,erkrankt,1
2493,elimin,1
2494,elililli,1
2495,facebookad,1
2496,eam,1
2497,duroch,1
2498,filter,1
2499,dyk,1
2500,fewer,1
2501,dzelm,1
2502,fenebrutinib,1
2503,femal,1
2504,feedback,1
2505,eagerli,1
2506,eaonc,1
2507,economa,1
2508,earn,1
2509,feder,1
2510,easili,1
2511,ebmt,1
2512,ec,1
2513,febdonlin,1
2514,fe,1
2515,econmica,1
2516,econom,1
2517,dur,1
2518,financenewsdaili,1
2519,dukegucanc,1
2520,dukecanc,1
2521,drugapprov,1
2522,drugd,1
2523,firstgen,1
2524,drugdiscoveryworld,1
2525,drugdrug,1
2526,drugrepurpo,1
2527,drugscontrollergeneralofindia,1
2528,drugtrial,1
2529,dryukselurun,1
2530,firazyr,1
2531,dsactiv,1
2532,dsormai,1
2533,dtail,1
2534,finreach,1
2535,finncil,1
2536,finish,1
2537,findrug,1
2538,finanztreff,1
2539,financialperson,1
2540,fdamedia,1
2541,economi,1
2542,elicit,1
2543,falsifi,1
2544,einnimmt,1
2545,ejemplo,1
2546,fascin,1
2547,elaboreaza,1
2548,farmacia,1
2549,farmaci,1
2550,farmaceutska,1
2551,elderli,1
2552,faltan,1
2553,fall,1
2554,economia,1
2555,elect,1
2556,elemento,1
2557,faith,1
2558,fairli,1
2559,faculti,1
2560,factor,1
2561,facp,1
2562,elevatetnascend,1
2563,eleven,1
2564,eingesetzt,1
2565,fasenrafaxiga,1
2566,fast,1
2567,eimanjahangir,1
2568,edit,1
2569,edninforma,1
2570,faziii,1
2571,edntv,1
2572,favourit,1
2573,eerstelijnsbehandel,1
2574,favorit,1
2575,favorevoli,1
2576,favorevol,1
2577,effectief,1
2578,effectiv,1
2579,efficienza,1
2580,fattori,1
2581,eficaz,1
2582,eficcia,1
2583,egcg,1
2584,fatiga,1
2585,fatal,1
2586,ehatrend,1
2587,elevantetn,1
2588,zytokinsturm,1
2589,doktornew,1
2590,azitromicina,1
2591,bannermdandersn,1
2592,bandwagon,1
2593,ball,1
2594,bajo,1
2595,bahagi,1
2596,baggag,1
2597,background,1
2598,aznplc,1
2599,aznl,1
2600,azithromycinconvalesc,1
2601,aw,1
2602,azbtkcalquencebtkil,1
2603,azbktacalabrutinibcovid,1
2604,ayant,1
2605,axl,1
2606,axicabtagen,1
2607,awesom,1
2608,away,1
2609,awarenessmonth,1
2610,awar,1
2611,baricitinibkineret,1
2612,barricadanew,1
2613,barringtonjam,1
2614,basa,1
2615,behandlungsopt,1
2616,behandlat,1
2617,behandla,1
2618,behandl,1
2619,behandelten,1
2620,bee,1
2621,bedreffect,1
2622,becki,1
2623,beauti,1
2624,beatson,1
2625,beagl,1
2626,beadem,1
2627,bcoscardioonc,1
2628,bcellymfoom,1
2629,bcelllymphoma,1
2630,bcelinih,1
2631,bayarea,1
2632,basic,1
2633,baselin,1
2634,awan,1
2635,avsevrt,1
2636,asociada,1
2637,astrazenecanew,1
2638,attenu,1
2639,attent,1
2640,attend,1
2641,atencin,1
2642,atana,1
2643,astrazenecauss,1
2644,astrazenecauk,1
2645,astrazenecapharma,1
2646,astrazenecanl,1
2647,astrazenecaastrazenecain,1
2648,avoid,1
2649,astrazenaca,1
2650,astrazen,1
2651,assur,1
2652,assum,1
2653,assoluta,1
2654,associata,1
2655,associada,1
2656,assoc,1
2657,asset,1
2658,au,1
2659,auc,1
2660,auckland,1
2661,audienc,1
2662,avirupguha,1
2663,avigan,1
2664,avanza,1
2665,avaliar,1
2666,avait,1
2667,availablei,1
2668,aux,1
2669,autorizza,1
2670,autolog,1
2671,autoleucel,1
2672,autoimmun,1
2673,authorship,1
2674,aussi,1
2675,aun,1
2676,aumentara,1
2677,aumenta,1
2678,aujourdhui,1
2679,august,1
2680,auditor,1
2681,beigeneusa,1
2682,beitrag,1
2683,believ,1
2684,bolsa,1
2685,briefastraxeneca,1
2686,brexucarbatagen,1
2687,breed,1
2688,breakingnew,1
2689,bracci,1
2690,bpth,1
2691,bortezomib,1
2692,boostershot,1
2693,bomboradyonew,1
2694,boit,1
2695,belirgin,1
2696,bodyindian,1
2697,boast,1
2698,bmi,1
2699,blunt,1
2700,bloqueo,1
2701,bloquea,1
2702,bloomberg,1
2703,blooduc,1
2704,bloodcanceruk,1
2705,brilliant,1
2706,brinda,1
2707,britishswedish,1
2708,britnica,1
2709,buscar,1
2710,busca,1
2711,bulletin,1
2712,bull,1
2713,bulki,1
2714,btkinhibit,1
2715,btkdepend,1
2716,btkcalquenc,1
2717,btkacalabrutinibeu,1
2718,btkacalabrutinibelevatetnash,1
2719,btkacalabrutinibaznfb,1
2720,btkacalabrutinib,1
2721,brutontyrosinkinasebtkhemm,1
2722,brutontyrosinkina,1
2723,brutontyrosinekina,1
2724,brutonkinaseinhibitor,1
2725,brui,1
2726,bro,1
2727,briton,1
2728,bloedkankersoorten,1
2729,blodkreftnor,1
2730,blodkreftlegemidlet,1
2731,bienvenido,1
2732,bibrand,1
2733,bhat,1
2734,beyondtheabstract,1
2735,beverag,1
2736,betterfor,1
2737,betrug,1
2738,bethesda,1
2739,betaa,1
2740,bet,1
2741,beschikbaar,1
2742,berleben,1
2743,beperkend,1
2744,benjamn,1
2745,benfico,1
2746,bendar,1
2747,bendamustinerituximabacalabrutinib,1
2748,belov,1
2749,belong,1
2750,belirlendi,1
2751,bienvenida,1
2752,bijal,1
2753,blodcancerlkemedlet,1
2754,bili,1
2755,blodcanc,1
2756,blir,1
2757,blev,1
2758,blastoid,1
2759,bland,1
2760,bladddercanc,1
2761,biotoday,1
2762,biotherapeut,1
2763,biotechnolog,1
2764,biotarget,1
2765,biosimilair,1
2766,biopharmad,1
2767,biopharmaceut,1
2768,biomark,1
2769,biologika,1
2770,bio,1
2771,binnekort,1
2772,binet,1
2773,billion,1
2774,asocio,1
2775,asociacin,1
2776,but,1
2777,advani,1
2778,agn,1
2779,aggressiven,1
2780,agencia,1
2781,agarw,1
2782,affidabilit,1
2783,affidabil,1
2784,advierten,1
2785,advic,1
2786,adverti,1
2787,adv,1
2788,actu,1
2789,adulti,1
2790,adriana,1
2791,adopt,1
2792,administraron,1
2793,administrar,1
2794,administracin,1
2795,adicin,1
2796,acuterespiratorydistresssyndrom,1
2797,actushemato,1
2798,agnpf,1
2799,agr,1
2800,agresivo,1
2801,agressief,1
2802,alguna,1
2803,algo,1
2804,aleatorizado,1
2805,aldktan,1
2806,alcanza,1
2807,albireo,1
2808,alan,1
2809,aktiencheck,1
2810,akland,1
2811,ajbcsurvey,1
2812,aiim,1
2813,aiha,1
2814,aifauffici,1
2815,aifa,1
2816,aider,1
2817,aiba,1
2818,ahlstromjenni,1
2819,aguda,1
2820,agressif,1
2821,actualit,1
2822,activa,1
2823,asn,1
2824,about,1
2825,acalabrutinibclin,1
2826,acalabrutinibcan,1
2827,acalabrutinibbtkbtkbtk,1
2828,acalabrutinibbtkbtk,1
2829,acalabrutinibassoci,1
2830,acaba,1
2831,abx,1
2832,absolut,1
2833,abscbnnew,1
2834,abordar,1
2835,actasanitaria,1
2836,abnorm,1
2837,abim,1
2838,abgeschwcht,1
2839,abg,1
2840,abdomen,1
2841,abbvieamp,1
2842,abataceptremdesivirinfliximabmesilato,1
2843,aan,1
2844,aado,1
2845,acalabrutinibcllelev,1
2846,acalabrutinibfor,1
2847,acalabrutinibil,1
2848,acalabrutinibinali,1
2849,acquisit,1
2850,acknowledg,1
2851,acid,1
2852,acept,1
2853,aceid,1
2854,accuraci,1
2855,accrual,1
2856,acclr,1
2857,accel,1
2858,acaso,1
2859,acalibrutinib,1
2860,acalbrutinib,1
2861,acalabrutinibzuma,1
2862,acalabrutinibxeljanz,1
2863,acalabrutinibvenetoclax,1
2864,acalabrutinibtr,1
2865,acalabrutinibrchop,1
2866,acalabrutiniboffla,1
2867,acalabrutinibobinutuzumab,1
2868,alicia,1
2869,all,1
2870,alla,1
2871,app,1
2872,aprobar,1
2873,aprobada,1
2874,aprob,1
2875,aprend,1
2876,apremilast,1
2877,approvedenhertu,1
2878,approvata,1
2879,approvalcopypast,1
2880,appar,1
2881,aplicado,1
2882,alleconom,1
2883,aplicada,1
2884,aplic,1
2885,apixiban,1
2886,aparecen,1
2887,aparec,1
2888,aonn,1
2889,anymor,1
2890,anvnt,1
2891,anuncia,1
2892,aqu,1
2893,ar,1
2894,aralik,1
2895,aratat,1
2896,askarbnik,1
2897,ashfromhom,1
2898,ascopub,1
2899,ascopost,1
2900,ascentagepharma,1
2901,ascentag,1
2902,ascendcllacalabrutinibidelalisib,1
2903,asa,1
2904,arzt,1
2905,arzneimittelagentur,1
2906,arzneimittel,1
2907,arvindkejriw,1
2908,arthralgia,1
2909,arriv,1
2910,arew,1
2911,arena,1
2912,area,1
2913,archivo,1
2914,aratracak,1
2915,anunci,1
2916,anual,1
2917,antivir,1
2918,ampa,1
2919,ammhmato,1
2920,amm,1
2921,amlast,1
2922,amid,1
2923,ami,1
2924,amasar,1
2925,alum,1
2926,altri,1
2927,alta,1
2928,along,1
2929,almada,1
2930,alma,1
2931,allvarligt,1
2932,allinfezion,1
2933,allergi,1
2934,allergen,1
2935,allerg,1
2936,allein,1
2937,alleen,1
2938,amongst,1
2939,ampgt,1
2940,antimicrobi,1
2941,ampsafeti,1
2942,antilymphoma,1
2943,antileukemia,1
2944,antifung,1
2945,anticuerpo,1
2946,anticip,1
2947,anticanceroso,1
2948,anteil,1
2949,ant,1
2950,annonc,1
2951,anna,1
2952,angioedema,1
2953,anem,1
2954,andi,1
2955,anderson,1
2956,anderen,1
2957,anch,1
2958,analyt,1
2959,analiz,1
2960,amwalalghadar,1
2961,businessnew,1
2962,bx,1
2963,doi,1
2964,covidwith,1
2965,crpil,1
2966,crizanlizumab,1
2967,critico,1
2968,crisbergerot,1
2969,creyendo,1
2970,credit,1
2971,crecimiento,1
2972,crci,1
2973,cowork,1
2974,covidu,1
2975,covidacalabrutinib,1
2976,covidsweden,1
2977,covidresearch,1
2978,covidnct,1
2979,covidnccc,1
2980,covidinfect,1
2981,covidindia,1
2982,covidhmmm,1
2983,covidheparin,1
2984,covidcytokinestorm,1
2985,csiriict,1
2986,csirind,1
2987,cspramesh,1
2988,ctr,1
2989,danger,1
2990,damp,1
2991,damag,1
2992,dalla,1
2993,daiichisankyo,1
2994,d,1
2995,czecrin,1
2996,cytosorb,1
2997,cytokinstorm,1
2998,cytokinescrp,1
2999,cytarabineacalabrutinib,1
3000,cynic,1
3001,curcuminandrographi,1
3002,cur,1
3003,cule,1
3004,cuando,1
3005,cual,1
3006,cu,1
3007,ctsm,1
3008,covidbtkastrazenecabtkcalquencecovidcalavi,1
3009,covaxin,1
3010,confirmatori,1
3011,contribuez,1
3012,coronaoutbreak,1
3013,coronalockdown,1
3014,coronacur,1
3015,core,1
3016,coordin,1
3017,conver,1
3018,conv,1
3019,controla,1
3020,contro,1
3021,contagiada,1
3022,cov,1
3023,consulta,1
3024,consult,1
3025,consolid,1
3026,considerationsi,1
3027,consideran,1
3028,consecucin,1
3029,conocido,1
3030,conoc,1
3031,congresso,1
3032,coronapandem,1
3033,coronaupd,1
3034,coronavid,1
3035,coronavirusdrug,1
3036,coutr,1
3037,cout,1
3038,courtesi,1
3039,counter,1
3040,council,1
3041,cotocina,1
3042,costco,1
3043,cosasusalaaabaaoo,1
3044,corpor,1
3045,coronavru,1
3046,coronavirusupd,1
3047,coronavirussverig,1
3048,coronavirusrespon,1
3049,coronavirusoutbreak,1
3050,coronavirusinfect,1
3051,coronavirusindia,1
3052,coronavirushac,1
3053,coronavirusfact,1
3054,coronaviruset,1
3055,dao,1
3056,dastrazeneca,1
3057,databa,1
3058,dificultad,1
3059,director,1
3060,dio,1
3061,dintrt,1
3062,din,1
3063,dimostra,1
3064,dijo,1
3065,digitalhealth,1
3066,digit,1
3067,dig,1
3068,difficolt,1
3069,datapoint,1
3070,differenti,1
3071,diciembr,1
3072,dicho,1
3073,diariohoynet,1
3074,df,1
3075,dexamethasonbaricitinib,1
3076,devic,1
3077,develo,1
3078,deutschen,1
3079,directr,1
3080,directtopati,1
3081,disabl,1
3082,disagr,1
3083,dog,1
3084,doemdenken,1
3085,dodatnem,1
3086,dobr,1
3087,do,1
3088,dnarnauni,1
3089,diver,1
3090,dit,1
3091,distinguish,1
3092,dismiss,1
3093,disminuyendo,1
3094,disminuy,1
3095,disminuir,1
3096,diseo,1
3097,discredit,1
3098,discov,1
3099,disconcert,1
3100,disclo,1
3101,discard,1
3102,deuten,1
3103,destinybreast,1
3104,despit,1
3105,dell,1
3106,definit,1
3107,decisivo,1
3108,decid,1
3109,decepticon,1
3110,decepcion,1
3111,decad,1
3112,debugliesnew,1
3113,deber,1
3114,deauvil,1
3115,ddw,1
3116,ddnewsusfda,1
3117,db,1
3118,daycosecur,1
3119,daviestri,1
3120,davidsteensma,1
3121,davidcullinan,1
3122,dautr,1
3123,datsunian,1
3124,dataset,1
3125,deliv,1
3126,delladulto,1
3127,desper,1
3128,dellanalisi,1
3129,designazion,1
3130,designacin,1
3131,deserv,1
3132,desempea,1
3133,descubierto,1
3134,descontrolada,1
3135,dernir,1
3136,depriv,1
3137,deplet,1
3138,depart,1
3139,deoxygen,1
3140,demuestra,1
3141,demiurg,1
3142,demasiado,1
3143,delptp,1
3144,delpckpf,1
3145,delp,1
3146,dello,1
3147,dellema,1
3148,congreso,1
3149,confid,1
3150,bzelllymphomen,1
3151,cdcgov,1
3152,ceprofar,1
3153,centro,1
3154,centr,1
3155,cent,1
3156,cenicriviroc,1
3157,cellular,1
3158,cella,1
3159,celebr,1
3160,ceftazidim,1
3161,ccl,1
3162,carfilzomib,1
3163,ccile,1
3164,cchbham,1
3165,caxtx,1
3166,cawa,1
3167,categori,1
3168,catalogu,1
3169,cascad,1
3170,cart,1
3171,carolporterdnp,1
3172,cernovich,1
3173,cest,1
3174,ceux,1
3175,cg,1
3176,chimera,1
3177,chile,1
3178,child,1
3179,chest,1
3180,cheson,1
3181,chemoimmunotherapi,1
3182,chemistri,1
3183,chemist,1
3184,chemioimmunoterapia,1
3185,chem,1
3186,cheapish,1
3187,chase,1
3188,chart,1
3189,characterist,1
3190,chanyooncheah,1
3191,chanel,1
3192,chanc,1
3193,chaitra,1
3194,cgvhd,1
3195,caro,1
3196,caretassequedaencasa,1
3197,confermano,1
3198,calquenceanalyst,1
3199,calquenceimbruvica,1
3200,calquencehc,1
3201,calquenceeu,1
3202,calquencecovidnationalcancerinstitut,1
3203,calquencecovidm,1
3204,calquencecovid,1
3205,calquencecalqu,1
3206,calquencecalavipdf,1
3207,calquencecalaviii,1
3208,calquenceamp,1
3209,caretasencasa,1
3210,calmada,1
3211,callpredict,1
3212,calendar,1
3213,cagran,1
3214,caffein,1
3215,cacncermedicinen,1
3216,cabeza,1
3217,ca,1
3218,bzellrezeptorsignalweg,1
3219,calquencemcl,1
3220,calquencetri,1
3221,calqunc,1
3222,caluqu,1
3223,careta,1
3224,career,1
3225,cardiooncolog,1
3226,cardiolog,1
3227,caratterizza,1
3228,caramel,1
3229,captain,1
3230,capaciteit,1
3231,capacidad,1
3232,cant,1
3233,cancernetwrk,1
3234,cancermedmda,1
3235,cancerlkemedel,1
3236,cancerconf,1
3237,cancera,1
3238,canakinumab,1
3239,canadien,1
3240,campaign,1
3241,calwuenc,1
3242,chinasi,1
3243,chloorambucil,1
3244,chloroquin,1
3245,cohen,1
3246,comirnati,1
3247,comercio,1
3248,comerci,1
3249,comentado,1
3250,comenta,1
3251,combinado,1
3252,columbiacanc,1
3253,color,1
3254,collab,1
3255,cognitrexcancerdigest,1
3256,cholesterollow,1
3257,coff,1
3258,coexist,1
3259,coadminist,1
3260,cnntownhal,1
3261,cnbcawaaz,1
3262,cnbc,1
3263,cmomaharashtra,1
3264,cmar,1
3265,clotmast,1
3266,comisin,1
3267,commenc,1
3268,commonli,1
3269,commonself,1
3270,conferma,1
3271,conferm,1
3272,condicion,1
3273,conclus,1
3274,conclud,1
3275,concert,1
3276,concept,1
3277,comunidad,1
3278,comprim,1
3279,compri,1
3280,comprehen,1
3281,completa,1
3282,complessiva,1
3283,compel,1
3284,comparit,1
3285,comparacin,1
3286,companynew,1
3287,compaa,1
3288,comn,1
3289,cloroquina,1
3290,cllsupport,1
3291,cllsmall,1
3292,citochin,1
3293,ciplaglob,1
3294,ciocedu,1
3295,cim,1
3296,ciloleucel,1
3297,forcetri,1
3298,cientfica,1
3299,cibl,1
3300,churchillhospit,1
3301,chum,1
3302,chrorambucil,1
3303,chroniclympoidleukemia,1
3304,chronicil,1
3305,chronicgvhd,1
3306,chronicdisea,1
3307,chriswrit,1
3308,christma,1
3309,choue,1
3310,chose,1
3311,choo,1
3312,circul,1
3313,cityofhop,1
3314,cllsllven,1
3315,cjon,1
3316,cllsllcalquenc,1
3317,cllsllacalabrutinibfdafda,1
3318,cllpatient,1
3319,cllimmunchemotherapi,1
3320,cllgtrampuptak,1
3321,cllbtkacalabrutinibpf,1
3322,cllbtkacalabrutinibelev,1
3323,cllarznei,1
3324,cllacalabrutinibiiilancet,1
3325,clive,1
3326,clinico,1
3327,clinicaltherapeut,1
3328,clinicalstudi,1
3329,clinicalresearchnew,1
3330,clinicaldata,1
3331,clean,1
3332,classic,1
3333,clarn,1
3334,cl,1
3335,cientifica,1
3336,larger,1
3337,forget,1
3338,solidaritytri,1
3339,roswellpark,1
3340,roshon,1
3341,roschewski,1
3342,rorinhibitor,1
3343,root,1
3344,rona,1
3345,romana,1
3346,roll,1
3347,roisinshort,1
3348,roid,1
3349,rocki,1
3350,rkar,1
3351,rivelati,1
3352,rituximabbiosimilar,1
3353,ritonavir,1
3354,riesgo,1
3355,richardson,1
3356,ricadutarefrattaria,1
3357,ricaduta,1
3358,rhypercvad,1
3359,rhamnosu,1
3360,rgimen,1
3361,rfractair,1
3362,rezult,1
3363,rezidiviertenrefraktren,1
3364,roxa,1
3365,rozpoczyna,1
3366,rpandu,1
3367,s,1
3368,saludo,1
3369,saluddigit,1
3370,saladriga,1
3371,sala,1
3372,sakigak,1
3373,sakalnew,1
3374,sakal,1
3375,sagarlonialmd,1
3376,safetytol,1
3377,sabe,1
3378,sabc,1
3379,rxn,1
3380,rpida,1
3381,rwe,1
3382,rwd,1
3383,rw,1
3384,ruxolitinibolumi,1
3385,ruthclifford,1
3386,rumpelle,1
3387,rtor,1
3388,rsvp,1
3389,rsaken,1
3390,rpon,1
3391,rpido,1
3392,revolutionari,1
3393,revista,1
3394,rev,1
3395,referencia,1
3396,remark,1
3397,rema,1
3398,reliev,1
3399,relev,1
3400,relansar,1
3401,relacionado,1
3402,regula,1
3403,regn,1
3404,registr,1
3405,regacarlo,1
3406,reg,1
3407,refer,1
3408,remedio,1
3409,reed,1
3410,reduccin,1
3411,red,1
3412,recupera,1
3413,recov,1
3414,recomendacin,1
3415,recin,1
3416,reciev,1
3417,recient,1
3418,recidivanterefractario,1
3419,recidiefrefractair,1
3420,remd,1
3421,rememb,1
3422,reutersstefan,1
3423,rescu,1
3424,retrouvez,1
3425,reticisi,1
3426,resynthesi,1
3427,respiratorio,1
3428,respaldo,1
3429,respalda,1
3430,resnim,1
3431,resign,1
3432,researchhighlight,1
3433,researchanddevelop,1
3434,researcha,1
3435,requirieron,1
3436,remodla,1
3437,request,1
3438,repurposedm,1
3439,republicantrump,1
3440,representa,1
3441,repost,1
3442,reportedli,1
3443,replic,1
3444,replacingampnbspcalqu,1
3445,rendesivir,1
3446,rendendolo,1
3447,remotework,1
3448,salutedomani,1
3449,salva,1
3450,salvara,1
3451,simpl,1
3452,six,1
3453,siv,1
3454,situat,1
3455,situacin,1
3456,sitokin,1
3457,sistema,1
3458,singapor,1
3459,sing,1
3460,sind,1
3461,sinc,1
3462,simpli,1
3463,sigo,1
3464,sjukdomen,1
3465,signo,1
3466,significativi,1
3467,sig,1
3468,sienn,1
3469,sie,1
3470,sido,1
3471,sideeffect,1
3472,sickl,1
3473,sian,1
3474,shouldnt,1
3475,shortli,1
3476,sizeabl,1
3477,sk,1
3478,shill,1
3479,sllcategori,1
3480,soir,1
3481,soft,1
3482,societyofhemonc,1
3483,sociedad,1
3484,social,1
3485,soar,1
3486,sntoma,1
3487,smrtnosti,1
3488,sminaev,1
3489,slurri,1
3490,slp,1
3491,slightli,1
3492,ska,1
3493,slida,1
3494,slectif,1
3495,sle,1
3496,slate,1
3497,skyrizi,1
3498,sky,1
3499,skriver,1
3500,skew,1
3501,skarbnik,1
3502,skapar,1
3503,skal,1
3504,shit,1
3505,shelter,1
3506,samiran,1
3507,schere,1
3508,scrap,1
3509,scrabbl,1
3510,scottadamssay,1
3511,scl,1
3512,scientificevid,1
3513,scienceimmunologyjourn,1
3514,sciec,1
3515,sci,1
3516,schweren,1
3517,school,1
3518,schmerz,1
3519,schema,1
3520,seccin,1
3521,scheliga,1
3522,scheint,1
3523,scene,1
3524,scare,1
3525,scale,1
3526,savr,1
3527,saturdaythought,1
3528,sat,1
3529,sank,1
3530,sanit,1
3531,sangunea,1
3532,sec,1
3533,secondair,1
3534,sheet,1
3535,seren,1
3536,shareahol,1
3537,shape,1
3538,shah,1
3539,sfbn,1
3540,sex,1
3541,severlyil,1
3542,seven,1
3543,seul,1
3544,sessionresult,1
3545,sert,1
3546,serio,1
3547,sequenti,1
3548,secondo,1
3549,sequenc,1
3550,senast,1
3551,sen,1
3552,semn,1
3553,sembl,1
3554,semain,1
3555,selektif,1
3556,seizur,1
3557,seit,1
3558,segunda,1
3559,seema,1
3560,recheckhealth,1
3561,recada,1
3562,reapertura,1
3563,pik,1
3564,plazo,1
3565,player,1
3566,platinrefraktrem,1
3567,platform,1
3568,plasmaactemratocilizumabcalqu,1
3569,planet,1
3570,pirtobrutinib,1
3571,pioneer,1
3572,pinillaibarz,1
3573,pilot,1
3574,pilipina,1
3575,pig,1
3576,pleasur,1
3577,piec,1
3578,phramatim,1
3579,photo,1
3580,phone,1
3581,phillyvo,1
3582,phillip,1
3583,phiiiii,1
3584,phiii,1
3585,phii,1
3586,phenotyp,1
3587,phenomenon,1
3588,plcg,1
3589,plough,1
3590,phasetri,1
3591,positivo,1
3592,prece,1
3593,prcdemment,1
3594,prca,1
3595,pozit,1
3596,powder,1
3597,pourrait,1
3598,potrebo,1
3599,potienti,1
3600,potansiyel,1
3601,postplatinum,1
3602,posthoc,1
3603,posicionamiento,1
3604,pmbcl,1
3605,portfolioinclud,1
3606,porqu,1
3607,porg,1
3608,popolazion,1
3609,pomoh,1
3610,pomembno,1
3611,pokazalo,1
3612,poinj,1
3613,poi,1
3614,podria,1
3615,podcast,1
3616,phenomen,1
3617,phaseiii,1
3618,prednisolon,1
3619,paulmcauliff,1
3620,pelotonia,1
3621,pekar,1
3622,peerreview,1
3623,pdel,1
3624,pct,1
3625,pcnsl,1
3626,pazgpolledo,1
3627,paywal,1
3628,payday,1
3629,pave,1
3630,paulreiddublin,1
3631,paul,1
3632,pennmedicin,1
3633,pattern,1
3634,patologia,1
3635,patientstho,1
3636,patientsbusi,1
3637,patientpow,1
3638,pathophi,1
3639,pathogenesi,1
3640,patent,1
3641,pasyent,1
3642,pass,1
3643,partialonset,1
3644,pembrolizumabacalabrutinib,1
3645,penro,1
3646,phaseiidaten,1
3647,pharmacoeconom,1
3648,pharmpracnew,1
3649,pharmiwebnew,1
3650,pharmazi,1
3651,pharmatechfocu,1
3652,pharmaindustrynew,1
3653,pharmaforecast,1
3654,pharmafil,1
3655,pharmacycl,1
3656,pharmacyandpharmacolog,1
3657,pharmacolog,1
3658,pharmacokinet,1
3659,pharmacist,1
3660,penrosest,1
3661,pharm,1
3662,pfizer,1
3663,peterodonnel,1
3664,petct,1
3665,pet,1
3666,perspect,1
3667,peror,1
3668,percept,1
3669,perc,1
3670,pepsi,1
3671,pensar,1
3672,precisa,1
3673,prefix,1
3674,realword,1
3675,purifi,1
3676,quil,1
3677,queso,1
3678,qudateenradio,1
3679,qudateencasa,1
3680,quaratinelif,1
3681,quarantin,1
3682,quanto,1
3683,qqq,1
3684,qampaehavirtualpaolo,1
3685,py,1
3686,pwmjohnson,1
3687,pune,1
3688,quun,1
3689,pulsebeatnew,1
3690,pulmonalen,1
3691,pul,1
3692,pufainduc,1
3693,publichealth,1
3694,publicacin,1
3695,publica,1
3696,pubblicato,1
3697,pub,1
3698,przeciwko,1
3699,prvning,1
3700,quimioinmunoterapia,1
3701,racial,1
3702,pruebanfrmaco,1
3703,rash,1
3704,realtim,1
3705,realiz,1
3706,realcellsmatt,1
3707,reaktionen,1
3708,readaptar,1
3709,reactivacin,1
3710,reaction,1
3711,rchoprdhap,1
3712,rchopacalabrutinib,1
3713,rbendamustin,1
3714,rather,1
3715,raredisea,1
3716,radiat,1
3717,rarecanc,1
3718,rapsorg,1
3719,raoultcriticat,1
3720,rank,1
3721,rang,1
3722,randomisiert,1
3723,randd,1
3724,rampup,1
3725,rajeshtop,1
3726,raggiunto,1
3727,rafferti,1
3728,prvention,1
3729,provocada,1
3730,premir,1
3731,previament,1
3732,probabl,1
3733,pro,1
3734,prliminair,1
3735,prise,1
3736,prioriti,1
3737,primera,1
3738,primarili,1
3739,pride,1
3740,price,1
3741,previo,1
3742,preview,1
3743,preuv,1
3744,probiot,1
3745,pretreat,1
3746,pretrattati,1
3747,pressmeddeland,1
3748,presidenti,1
3749,presentato,1
3750,presentaron,1
3751,presentado,1
3752,presentacin,1
3753,presenc,1
3754,preoper,1
3755,premium,1
3756,probar,1
3757,probioticba,1
3758,provis,1
3759,promesa,1
3760,proven,1
3761,prove,1
3762,protiv,1
3763,proteolysi,1
3764,proteinabtk,1
3765,protac,1
3766,prostat,1
3767,prospectivo,1
3768,proporcin,1
3769,proponen,1
3770,properli,1
3771,prolungato,1
3772,proceso,1
3773,projetorbi,1
3774,proinflammatori,1
3775,progressionsfrei,1
3776,progressioneash,1
3777,profit,1
3778,professor,1
3779,profdrhisari,1
3780,profbigg,1
3781,prof,1
3782,producto,1
3783,produccin,1
3784,solidaridad,1
3785,solventwel,1
3786,format,1
3787,somewh,1
3788,vedettesllega,1
3789,vece,1
3790,vder,1
3791,vbanerji,1
3792,vascepa,1
3793,vardani,1
3794,vard,1
3795,vara,1
3796,vanesalop,1
3797,valuon,1
3798,valuecr,1
3799,valueba,1
3800,vakalarnda,1
3801,uva,1
3802,utilizado,1
3803,usoncolog,1
3804,user,1
3805,usbn,1
3806,usag,1
3807,usacest,1
3808,uroupd,1
3809,urotoday,1
3810,urothelkarzinom,1
3811,urothelialcarcinoma,1
3812,upsid,1
3813,vega,1
3814,venetoclaxobinatuzumab,1
3815,venetoclaxobinutuzumab,1
3816,verreakt,1
3817,vir,1
3818,vincristin,1
3819,viiv,1
3820,viglyagrowth,1
3821,vidaysalud,1
3822,vidakhapatnam,1
3823,vid,1
3824,victim,1
3825,viabil,1
3826,vi,1
3827,vertrglichkeit,1
3828,vernica,1
3829,venettoclax,1
3830,verlngert,1
3831,verkar,1
3832,verita,1
3833,vergleichsstudi,1
3834,vergleich,1
3835,verfgbar,1
3836,verdragen,1
3837,ver,1
3838,ventur,1
3839,ventilati,1
3840,ventilacin,1
3841,uppntt,1
3842,uppger,1
3843,uporablja,1
3844,txico,1
3845,ujjani,1
3846,uicc,1
3847,uhsft,1
3848,ugib,1
3849,uclajccc,1
3850,uci,1
3851,tyrosinekinaseinhibitor,1
3852,tyrosinekina,1
3853,typic,1
3854,tydligar,1
3855,tycel,1
3856,twopart,1
3857,ulteriori,1
3858,twittersupport,1
3859,twittersmash,1
3860,tweetuk,1
3861,tv,1
3862,tussl,1
3863,tunnel,1
3864,tumour,1
3865,tuesdaynewsday,1
3866,tude,1
3867,tube,1
3868,truli,1
3869,ukhashtag,1
3870,ultim,1
3871,uplcmsm,1
3872,univari,1
3873,updatewelcom,1
3874,updaterecruit,1
3875,updatecongratul,1
3876,upbtkacalabrutinibcllsl,1
3877,upbtkacalabrutinibcl,1
3878,unvertrglichkeiten,1
3879,unter,1
3880,unselect,1
3881,unregist,1
3882,unlik,1
3883,unless,1
3884,uninteress,1
3885,um,1
3886,undisrupt,1
3887,underway,1
3888,undersecretari,1
3889,underli,1
3890,uncov,1
3891,uncontrol,1
3892,unclear,1
3893,unchang,1
3894,uncertain,1
3895,umich,1
3896,umbralisib,1
3897,viral,1
3898,virussjuka,1
3899,visad,1
3900,wont,1
3901,wvci,1
3902,wuxi,1
3903,wurden,1
3904,wsupport,1
3905,wrote,1
3906,wrong,1
3907,write,1
3908,wprogress,1
3909,worldnewsintweet,1
3910,worldheathorgan,1
3911,wordt,1
3912,wobinutuzumab,1
3913,yahoo,1
3914,wmukinfo,1
3915,wmsm,1
3916,witzig,1
3917,withdrawn,1
3918,wit,1
3919,wise,1
3920,wirkstoff,1
3921,wirksamkeit,1
3922,wird,1
3923,winway,1
3924,winshipatemori,1
3925,xer,1
3926,yeah,1
3927,wileynew,1
3928,ziekenhui,1
3929,zwei,1
3930,zuma,1
3931,zum,1
3932,zugeteilt,1
3933,zu,1
3934,zowel,1
3935,zoonosi,1
3936,zone,1
3937,zmanjalo,1
3938,zingerol,1
3939,zijn,1
3940,zero,1
3941,yearend,1
3942,zentral,1
3943,zent,1
3944,zenicavedskobritanska,1
3945,zdravljenju,1
3946,zanubritinib,1
3947,zanabrutinib,1
3948,zacharybrennan,1
3949,z,1
3950,yrsveri,1
3951,younger,1
3952,yosoyjabali,1
3953,wilsonwyndham,1
3954,wiley,1
3955,visat,1
3956,voltair,1
3957,waldentrm,1
3958,wacala,1
3959,vsacala,1
3960,vru,1
3961,vritabl,1
3962,vrepoch,1
3963,vrd,1
3964,vrcap,1
3965,vprasadmdmph,1
3966,vou,1
3967,voltairex,1
3968,vollstndigen,1
3969,walk,1
3970,vnetju,1
3971,vnetj,1
3972,vlsibrutinib,1
3973,vlogo,1
3974,vldigt,1
3975,viven,1
3976,viveksubbiah,1
3977,viudez,1
3978,vist,1
3979,visitano,1
3980,visita,1
3981,wale,1
3982,walter,1
3983,wikipedia,1
3984,welovetrump,1
3985,wife,1
3986,wie,1
3987,wicpi,1
3988,whosearo,1
3989,whop,1
3990,whoeurop,1
3991,whitecoat,1
3992,whisper,1
3993,western,1
3994,wesentlich,1
3995,wermuthfil,1
3996,wellicht,1
3997,waren,1
3998,weekli,1
3999,wednesdaywisdom,1
4000,websit,1
4001,weak,1
4002,wcmmeyercanc,1
4003,wcc,1
4004,wayn,1
4005,water,1
4006,wast,1
4007,wasnt,1
4008,washington,1
4009,troubl,1
4010,trombocitopenia,1
4011,tristecon,1
4012,summit,1
4013,surprisingli,1
4014,surfac,1
4015,supp,1
4016,supongo,1
4017,suplementario,1
4018,superstar,1
4019,superspeci,1
4020,supercalafragilisticwhen,1
4021,superbalitasahapon,1
4022,sunni,1
4023,sundayread,1
4024,summar,1
4025,suspen,1
4026,suma,1
4027,sullutilizzo,1
4028,sukl,1
4029,suit,1
4030,sui,1
4031,sugieren,1
4032,suffix,1
4033,suffer,1
4034,subtyp,1
4035,substanti,1
4036,substan,1
4037,surrog,1
4038,suzbijanj,1
4039,submiss,1
4040,tackl,1
4041,tarafndan,1
4042,tapto,1
4043,tanto,1
4044,tambin,1
4045,tamamlayc,1
4046,talkinghead,1
4047,tal,1
4048,tako,1
4049,taken,1
4050,takeaway,1
4051,tagesschau,1
4052,synthesi,1
4053,svb,1
4054,syke,1
4055,syk,1
4056,swog,1
4057,switzerland,1
4058,switch,1
4059,swim,1
4060,swbhrandd,1
4061,swbhpharmaci,1
4062,svra,1
4063,svpol,1
4064,svmed,1
4065,subramanian,1
4066,subjectsnct,1
4067,tasso,1
4068,specialist,1
4069,squar,1
4070,spot,1
4071,spokesperson,1
4072,spoke,1
4073,spm,1
4074,spl,1
4075,spkalantri,1
4076,spitta,1
4077,speedi,1
4078,spectacular,1
4079,spectaculair,1
4080,spark,1
4081,srl,1
4082,sown,1
4083,sowi,1
4084,sovaldi,1
4085,southamptonctu,1
4086,southampton,1
4087,sou,1
4088,sooner,1
4089,sont,1
4090,sonraki,1
4091,sono,1
4092,sondakika,1
4093,srascov,1
4094,staff,1
4095,subiecti,1
4096,stop,1
4097,subgroup,1
4098,sub,1
4099,sua,1
4100,stycken,1
4101,studyref,1
4102,studier,1
4103,strre,1
4104,stroke,1
4105,streami,1
4106,stratejisi,1
4107,stora,1
4108,ston,1
4109,stand,1
4110,stockmarketnew,1
4111,stevenshanu,1
4112,steve,1
4113,stephanieleemd,1
4114,steep,1
4115,statutori,1
4116,statussubtyp,1
4117,statnew,1
4118,statin,1
4119,startar,1
4120,stare,1
4121,tasarland,1
4122,tast,1
4123,tripl,1
4124,tolerabilitycalqu,1
4125,toxicolog,1
4126,toxicidad,1
4127,tou,1
4128,toppick,1
4129,tool,1
4130,tomowiak,1
4131,tomorrow,1
4132,toma,1
4133,tolr,1
4134,tollerata,1
4135,tolerado,1
4136,tofacitinibjakafi,1
4137,tracker,1
4138,todo,1
4139,todayget,1
4140,toda,1
4141,tocilzumab,1
4142,toca,1
4143,tnxp,1
4144,tnf,1
4145,tncll,1
4146,tirosinkinasi,1
4147,tipova,1
4148,tinib,1
4149,tpmutat,1
4150,traduc,1
4151,tienen,1
4152,trattar,1
4153,tripartit,1
4154,trip,1
4155,trigger,1
4156,tricki,1
4157,trialselevatetn,1
4158,triall,1
4159,trialba,1
4160,tremend,1
4161,treiber,1
4162,treatmentforcl,1
4163,treatmentforchroniclymphocyticleukaemia,1
4164,trattamenti,1
4165,trail,1
4166,tratta,1
4167,tratamento,1
4168,tratament,1
4169,tratado,1
4170,tratada,1
4171,trastuzumabd,1
4172,transplantelig,1
4173,transpar,1
4174,translat,1
4175,traiter,1
4176,trait,1
4177,timelin,1
4178,tiempo,1
4179,tctm,1
4180,tendenciastech,1
4181,tgtherapeut,1
4182,tgagovau,1
4183,text,1
4184,texasnursesassn,1
4185,testiranj,1
4186,testet,1
4187,testen,1
4188,teraputico,1
4189,teraputica,1
4190,terapeutica,1
4191,tension,1
4192,tend,1
4193,thelancethaematolog,1
4194,tempt,1
4195,tempesta,1
4196,tem,1
4197,telah,1
4198,tedavisi,1
4199,tedavi,1
4200,tecnologa,1
4201,technolog,1
4202,teamhaem,1
4203,tea,1
4204,te,1
4205,thebarislowforfdaapprov,1
4206,thelper,1
4207,thwart,1
4208,third,1
4209,thrown,1
4210,throughout,1
4211,thromboinflamm,1
4212,thrombocytopenia,1
4213,thread,1
4214,thrapi,1
4215,thorough,1
4216,thoma,1
4217,tho,1
4218,thisweek,1
4219,thisismoney,1
4220,thinktrad,1
4221,theprint,1
4222,thinkposit,1
4223,thi,1
4224,theyv,1
4225,theyr,1
4226,thewho,1
4227,theurer,1
4228,there,1
4229,therapieschema,1
4230,therapien,1
4231,theprinthealth,1
4232,theprintexclu,1
4233,partageon,1
4234,paroxysm,1
4235,parodi,1
4236,parer,1
4237,iqvia,1
4238,ipposi,1
4239,ipmpharma,1
4240,iova,1
4241,ionophor,1
4242,invit,1
4243,investigacion,1
4244,investigacin,1
4245,invent,1
4246,inva,1
4247,intrigu,1
4248,intress,1
4249,intraday,1
4250,interruptor,1
4251,internacion,1
4252,interestingmarket,1
4253,intensivvrdspati,1
4254,intensivbehandl,1
4255,intend,1
4256,intellig,1
4257,integr,1
4258,insuficiencia,1
4259,instagram,1
4260,inspir,1
4261,inquirerdotnet,1
4262,ir,1
4263,irish,1
4264,irketi,1
4265,iwcll,1
4266,janssenpharmacycl,1
4267,janssen,1
4268,jampampjamp,1
4269,jampampj,1
4270,jakstat,1
4271,jakil,1
4272,jakafi,1
4273,jain,1
4274,jahren,1
4275,iycmi,1
4276,iwmf,1
4277,ivinfu,1
4278,isaac,1
4279,ivankatrump,1
4280,iv,1
4281,itu,1
4282,itinib,1
4283,iterum,1
4284,item,1
4285,itali,1
4286,isf,1
4287,iscrizion,1
4288,isbut,1
4289,isaumali,1
4290,inoltr,1
4291,innovativa,1
4292,innovadora,1
4293,incoraggianti,1
4294,infeco,1
4295,inesperado,1
4296,indiqu,1
4297,indican,1
4298,indicacion,1
4299,indicacin,1
4300,indiaincfightscovid,1
4301,indiafightscorona,1
4302,independ,1
4303,ind,1
4304,incrementa,1
4305,incluso,1
4306,inflamacion,1
4307,incio,1
4308,inbetween,1
4309,inactiv,1
4310,imrn,1
4311,impulsar,1
4312,impulsa,1
4313,impronunciableacalabrutinib,1
4314,importanti,1
4315,immuntherapi,1
4316,immunooncolog,1
4317,immunerespon,1
4318,infectionastrazeneca,1
4319,inflamatorio,1
4320,innou,1
4321,inhibitr,1
4322,innateimmun,1
4323,inmunitaria,1
4324,injust,1
4325,inject,1
4326,inj,1
4327,inicio,1
4328,iniciar,1
4329,inicia,1
4330,inibira,1
4331,inibidor,1
4332,inib,1
4333,inh,1
4334,inflammationdecrea,1
4335,ingiltereisv,1
4336,ingen,1
4337,infu,1
4338,infrastructur,1
4339,informazion,1
4340,informatoriscientifici,1
4341,informatori,1
4342,informationpati,1
4343,infoba,1
4344,infoab,1
4345,inflammatoriska,1
4346,jason,1
4347,jasonmcdonaldastrazenecacom,1
4348,jasonmmast,1
4349,konkurrenz,1
4350,kronin,1
4351,kritiska,1
4352,kristin,1
4353,krista,1
4354,krebsmedikamenten,1
4355,krebsmedika,1
4356,kpmg,1
4357,kovid,1
4358,koristi,1
4359,kontrollgrupp,1
4360,kontra,1
4361,kong,1
4362,krt,1
4363,kompanija,1
4364,kommt,1
4365,kommiss,1
4366,kommer,1
4367,kombin,1
4368,knewcovid,1
4369,klinisch,1
4370,kliniko,1
4371,kite,1
4372,kisiku,1
4373,kirstel,1
4374,kronisk,1
4375,krvi,1
4376,kinumpirma,1
4377,lapprovazion,1
4378,lbu,1
4379,lavanguardia,1
4380,lautori,1
4381,latter,1
4382,latestpharmanewsnov,1
4383,latestpharmanewsdec,1
4384,latestastrazenecanewsnov,1
4385,latestastrazenecanewsdec,1
4386,later,1
4387,lasexta,1
4388,zydu,1
4389,lanticancreux,1
4390,kt,1
4391,languag,1
4392,lanadelumab,1
4393,lalni,1
4394,lali,1
4395,ladi,1
4396,lactobacillu,1
4397,laboratori,1
4398,kunna,1
4399,kullanlan,1
4400,kudo,1
4401,ktex,1
4402,kiranshaw,1
4403,kingscollegenh,1
4404,jcar,1
4405,jonathon,1
4406,jugeon,1
4407,jpetjourn,1
4408,jpba,1
4409,jp,1
4410,jovicyeeinq,1
4411,jovel,1
4412,journey,1
4413,journalwatch,1
4414,jour,1
4415,josepcorbella,1
4416,jonathonbcohen,1
4417,jitcanc,1
4418,juliet,1
4419,jitc,1
4420,jijicom,1
4421,jetzt,1
4422,jess,1
4423,jespr,1
4424,jensen,1
4425,jen,1
4426,jefe,1
4427,jeezu,1
4428,jdq,1
4429,jcoacalabrutinib,1
4430,juli,1
4431,junk,1
4432,kingdomtagrisso,1
4433,katsuakimaehara,1
4434,kingdombuy,1
4435,kinet,1
4436,kineret,1
4437,kind,1
4438,kinaseinhibitor,1
4439,kim,1
4440,khurana,1
4441,ketchup,1
4442,keepinspir,1
4443,kayak,1
4444,kawasaki,1
4445,kathari,1
4446,jurczak,1
4447,kasim,1
4448,kasama,1
4449,karyopharm,1
4450,kardiovaskulr,1
4451,kansrijk,1
4452,kansertedavisi,1
4453,kann,1
4454,kam,1
4455,kakap,1
4456,kader,1
4457,k,1
4458,immuneinhibitori,1
4459,imminentcalqu,1
4460,imfinzilynparza,1
4461,godknnanderekommend,1
4462,grate,1
4463,grahamgc,1
4464,graftversushost,1
4465,graff,1
4466,gra,1
4467,gr,1
4468,govcanhealth,1
4469,googlealert,1
4470,googlead,1
4471,goodbroad,1
4472,gone,1
4473,gnstige,1
4474,gravi,1
4475,gn,1
4476,gmcrotti,1
4477,glosario,1
4478,globe,1
4479,globalno,1
4480,globalconnect,1
4481,gli,1
4482,gl,1
4483,givosiran,1
4484,gilead,1
4485,geweest,1
4486,gratuita,1
4487,grawoig,1
4488,gerson,1
4489,habe,1
4490,handelt,1
4491,hall,1
4492,haematologica,1
4493,haematol,1
4494,haem,1
4495,hackensackumcorg,1
4496,hackensackumc,1
4497,hacer,1
4498,hacen,1
4499,habr,1
4500,haber,1
4501,gvhdsm,1
4502,greatestteamev,1
4503,gute,1
4504,guinea,1
4505,guidanc,1
4506,guardian,1
4507,gtgtgtclinic,1
4508,gtgt,1
4509,gtfda,1
4510,grubundaki,1
4511,grote,1
4512,groen,1
4513,greghuntmp,1
4514,geven,1
4515,germhuntermd,1
4516,hapto,1
4517,frbttringar,1
4518,frtnasnda,1
4519,frontpageapp,1
4520,frontpag,1
4521,frontlinebehandlungen,1
4522,from,1
4523,frncfort,1
4524,fridayfact,1
4525,frenchnewtech,1
4526,frenar,1
4527,freebi,1
4528,fred,1
4529,francesca,1
4530,fuck,1
4531,franc,1
4532,fracasado,1
4533,fprx,1
4534,fox,1
4535,fowler,1
4536,foto,1
4537,fortun,1
4538,fortement,1
4539,forprior,1
4540,formulari,1
4541,formerli,1
4542,fruition,1
4543,fulldo,1
4544,germanytroopstrump,1
4545,gamer,1
4546,ger,1
4547,georg,1
4548,genzym,1
4549,genuin,1
4550,gent,1
4551,gene,1
4552,gen,1
4553,gekeurd,1
4554,geeignet,1
4555,gc,1
4556,gazya,1
4557,gamechang,1
4558,fulli,1
4559,gallat,1
4560,galaxi,1
4561,gacala,1
4562,fye,1
4563,fya,1
4564,funopspakistan,1
4565,funop,1
4566,fungal,1
4567,fundfanat,1
4568,function,1
4569,funciona,1
4570,handlar,1
4571,haran,1
4572,imag,1
4573,hplovecraft,1
4574,hyper,1
4575,hydroxychloroquinedo,1
4576,hydroxychloroquinchloroquin,1
4577,hutchinson,1
4578,huntsmancanc,1
4579,humbl,1
4580,humanizedmousemodel,1
4581,human,1
4582,hta,1
4583,hsenccp,1
4584,hseliv,1
4585,hoy,1
4586,hyperten,1
4587,hospitalizacin,1
4588,hospitalespaoldebuenosair,1
4589,horizon,1
4590,hora,1
4591,hoppet,1
4592,hoppa,1
4593,honor,1
4594,hong,1
4595,honest,1
4596,hold,1
4597,hola,1
4598,hyperinflam,1
4599,ibrutinibibrutinib,1
4600,hoffnung,1
4601,ifna,1
4602,iltihaplanmada,1
4603,ilil,1
4604,ilari,1
4605,ilacnn,1
4606,ikem,1
4607,iind,1
4608,iin,1
4609,iiiiv,1
4610,iigegeven,1
4611,igra,1
4612,ige,1
4613,ifenprodil,1
4614,ibrutinibr,1
4615,ifcgx,1
4616,idseonlin,1
4617,idrbr,1
4618,identif,1
4619,idelar,1
4620,idelalisibr,1
4621,ideal,1
4622,idatwitt,1
4623,icu,1
4624,icmrnari,1
4625,ibrutinibtr,1
4626,hojansenya,1
4627,hoe,1
4628,harshit,1
4629,healthylifestyl,1
4630,hematologylifellcacalabrutinibitk,1
4631,hematologyconf,1
4632,hematologist,1
4633,hematologa,1
4634,hematolgico,1
4635,hell,1
4636,hed,1
4637,heavili,1
4638,heath,1
4639,heartnew,1
4640,heart,1
4641,healthylif,1
4642,hematolojiistanbul,1
4643,healthworld,1
4644,healthsciencesauthor,1
4645,healthgovau,1
4646,healthcarenew,1
4647,headlin,1
4648,headhead,1
4649,hdmtx,1
4650,hayan,1
4651,hasznlatv,1
4652,hastalarn,1
4653,harvardm,1
4654,hematoloji,1
4655,heme,1
4656,hockadayanna,1
4657,hin,1
4658,ho,1
4659,hmatolog,1
4660,hlinvest,1
4661,hjlpta,1
4662,hiv,1
4663,histor,1
4664,hipoxia,1
4665,hiperinflamacin,1
4666,hipercitocinemia,1
4667,hiperactivo,1
4668,hiperactiva,1
4669,hilo,1
4670,hemmt,1
4671,hilfreich,1
4672,hidroxicloro,1
4673,hi,1
4674,hf,1
4675,hero,1
4676,hereuk,1
4677,hereditari,1
4678,here,1
4679,heor,1
4680,hemsonc,1
4681,hemolyt,1
4682,lcm,1
4683,ldnif,1
4684,leadership,1
4685,neutropeni,1
4686,newsintweet,1
4687,newsfirst,1
4688,newscreat,1
4689,newsburst,1
4690,newindicationnotif,1
4691,newhaven,1
4692,newer,1
4693,newcampaginthem,1
4694,nevertheless,1
4695,never,1
4696,neutrophil,1
4697,neumonia,1
4698,newsm,1
4699,neul,1
4700,neuer,1
4701,netherland,1
4702,nervou,1
4703,neoplsico,1
4704,neoplasi,1
4705,neon,1
4706,nellambito,1
4707,nekih,1
4708,nej,1
4709,negoti,1
4710,newsintweetscom,1
4711,nez,1
4712,nefe,1
4713,noch,1
4714,novita,1
4715,novedad,1
4716,nouvel,1
4717,notr,1
4718,nota,1
4719,not,1
4720,nontrial,1
4721,nonrespond,1
4722,nonrandomi,1
4723,nonintub,1
4724,nongcb,1
4725,no,1
4726,nhl,1
4727,nlsday,1
4728,nitinjainmd,1
4729,nilemdo,1
4730,nihnhlbi,1
4731,nihclinicalcntr,1
4732,niet,1
4733,nicht,1
4734,nichola,1
4735,nib,1
4736,niaid,1
4737,nhsggc,1
4738,negativit,1
4739,neerajaiim,1
4740,np,1
4741,morpholog,1
4742,muerto,1
4743,mt,1
4744,mshadman,1
4745,msdau,1
4746,mrna,1
4747,mrdu,1
4748,mph,1
4749,mountain,1
4750,moto,1
4751,mostrar,1
4752,mostr,1
4753,moriegertz,1
4754,multic,1
4755,montyp,1
4756,montral,1
4757,monticelli,1
4758,monthli,1
4759,monothx,1
4760,monothrapi,1
4761,monograph,1
4762,mono,1
4763,mon,1
4764,moment,1
4765,momarketupd,1
4766,muestran,1
4767,multicentriqu,1
4768,necesitan,1
4769,nakumpleto,1
4770,ne,1
4771,ncov,1
4772,ncidirector,1
4773,ncicancerctrl,1
4774,nccnhem,1
4775,ncbi,1
4776,nave,1
4777,natur,1
4778,natl,1
4779,nasogastr,1
4780,nasdaqazn,1
4781,najt,1
4782,multitud,1
4783,nagbigay,1
4784,nach,1
4785,myriad,1
4786,myesmo,1
4787,mycket,1
4788,mybmc,1
4789,mutgtrelap,1
4790,mutdel,1
4791,mutationslymsm,1
4792,munoz,1
4793,municz,1
4794,novn,1
4795,nr,1
4796,molcul,1
4797,or,1
4798,ounda,1
4799,ouhospit,1
4800,ottenuto,1
4801,otorga,1
4802,os,1
4803,ortaya,1
4804,ortakl,1
4805,orient,1
4806,orelabrutinib,1
4807,orang,1
4808,orallyu,1
4809,opzion,1
4810,outlin,1
4811,optimist,1
4812,opinin,1
4813,openaccess,1
4814,opdivo,1
4815,opcin,1
4816,ook,1
4817,ontx,1
4818,onscjon,1
4819,onkoloji,1
4820,oneoncolog,1
4821,onemocnn,1
4822,outdat,1
4823,outlook,1
4824,oncoreport,1
4825,paggamit,1
4826,parec,1
4827,paradigmshift,1
4828,paradigm,1
4829,pap,1
4830,pantalla,1
4831,panda,1
4832,pancreaticcanc,1
4833,panbtkflt,1
4834,panam,1
4835,pakistan,1
4836,pai,1
4837,pacientov,1
4838,outsid,1
4839,pablofu,1
4840,oxygn,1
4841,oxid,1
4842,owe,1
4843,overli,1
4844,overheden,1
4845,overcom,1
4846,ovarian,1
4847,ovaj,1
4848,outta,1
4849,outstand,1
4850,onder,1
4851,onconew,1
4852,nsiala,1
4853,obinchl,1
4854,oceabrutinib,1
4855,occupi,1
4856,ocasionada,1
4857,obtient,1
4858,obteniendo,1
4859,observacin,1
4860,obinutuzuman,1
4861,obinutuzumabvenetoclax,1
4862,obinutuzumabclorambucilo,1
4863,obinutizumab,1
4864,obinu,1
4865,oa,1
4866,od,1
4867,nyt,1
4868,nylcandcl,1
4869,nyhet,1
4870,nustendi,1
4871,nursetim,1
4872,nuov,1
4873,numero,1
4874,numer,1
4875,numel,1
4876,nuestra,1
4877,ntgn,1
4878,ochlorambucil,1
4879,odbornci,1
4880,oncolyt,1
4881,older,1
4882,oncologypharmacist,1
4883,oncologistshematologist,1
4884,oncoematologia,1
4885,oncnursingnew,1
4886,oncnew,1
4887,onclivecountsdown,1
4888,onaylari,1
4889,omg,1
4890,ombinatoin,1
4891,olumi,1
4892,oln,1
4893,old,1
4894,odobreno,1
4895,olavljosn,1
4896,olabilir,1
4897,oksijen,1
4898,okay,1
4899,ohn,1
4900,ohio,1
4901,og,1
4902,offr,1
4903,offici,1
4904,offic,1
4905,of,1
4906,molecola,1
4907,moin,1
4908,lecbacovidu,1
4909,lr,1
4910,lussid,1
4911,luspatercept,1
4912,lungskador,1
4913,lunch,1
4914,luminasllc,1
4915,lumerehq,1
4916,lugna,1
4917,lucki,1
4918,luchar,1
4919,ltimo,1
4920,lstaudtm,1
4921,lovend,1
4922,lutt,1
4923,lottimo,1
4924,loss,1
4925,lori,1
4926,lord,1
4927,lopinavir,1
4928,lon,1
4929,lombardicanc,1
4930,logo,1
4931,login,1
4932,lodg,1
4933,lobbi,1
4934,lutili,1
4935,lycka,1
4936,lnalidomid,1
4937,lymphomamatt,1
4938,macroglobulinmi,1
4939,macroglobulinemi,1
4940,macroglobulinaemia,1
4941,macht,1
4942,machen,1
4943,mab,1
4944,maar,1
4945,maana,1
4946,ma,1
4947,lysalymphoma,1
4948,lymphomaoz,1
4949,lymphomamarket,1
4950,lyfebulb,1
4951,lymphomadrug,1
4952,lymphomab,1
4953,lymphomaawarenessmonth,1
4954,lymphoid,1
4955,lymphocyticleukaemia,1
4956,lympho,1
4957,lymphatischen,1
4958,lymp,1
4959,lymfatisk,1
4960,lym,1
4961,lylcl,1
4962,lngtidseffekten,1
4963,ln,1
4964,maga,1
4965,lethal,1
4966,leurop,1
4967,leuksm,1
4968,leukeran,1
4969,leukemij,1
4970,leukemiamarket,1
4971,leukemiajnl,1
4972,leucemiefrantadrdidi,1
4973,leucemialinfaticacronica,1
4974,leucemialinfatica,1
4975,lettr,1
4976,letsbeatcorona,1
4977,letal,1
4978,levkemij,1
4979,lesen,1
4980,lesecho,1
4981,lerenda,1
4982,lendpoint,1
4983,lenappleman,1
4984,lenalidomida,1
4985,leku,1
4986,legemidlet,1
4987,leerink,1
4988,leedjulia,1
4989,ledo,1
4990,leusc,1
4991,leyendo,1
4992,lli,1
4993,limfocitn,1
4994,llamado,1
4995,lkemedelsvrlden,1
4996,livesquawk,1
4997,littl,1
4998,liten,1
4999,liquefi,1
5000,lintervista,1
5001,linhibiteur,1
5002,linha,1
5003,linfocito,1
5004,limfomov,1
5005,limelymphoma,1
5006,lgbtqa,1
5007,limb,1
5008,lillyregeneronaz,1
5009,lijeka,1
5010,lijek,1
5011,lign,1
5012,lifestyleprof,1
5013,lifesciencesweden,1
5014,lifesciencesnew,1
5015,lifeatbj,1
5016,lhomolog,1
5017,lgga,1
5018,maduracin,1
5019,maggior,1
5020,modulerar,1
5021,meno,1
5022,meuri,1
5023,metoodrug,1
5024,metastasiertem,1
5025,metaphor,1
5026,metabolit,1
5027,merz,1
5028,mercyonedsm,1
5029,merckamp,1
5030,menyetujui,1
5031,menudo,1
5032,mentor,1
5033,menda,1
5034,mgmcl,1
5035,men,1
5036,memorylik,1
5037,memorialataehirhematoloji,1
5038,memori,1
5039,membercompani,1
5040,mejorara,1
5041,mejorando,1
5042,mejorado,1
5043,mega,1
5044,meerder,1
5045,meer,1
5046,mgd,1
5047,mi,1
5048,medikamenti,1
5049,mirata,1
5050,modifiedvika,1
5051,modernatx,1
5052,moderna,1
5053,moab,1
5054,moa,1
5055,mmsm,1
5056,mmmnew,1
5057,mmampm,1
5058,mldeuroacalabrutinibvandut,1
5059,mixtur,1
5060,mitig,1
5061,minut,1
5062,michaelodwyermd,1
5063,minnet,1
5064,ministri,1
5065,minist,1
5066,mind,1
5067,million,1
5068,milligram,1
5069,mild,1
5070,midteen,1
5071,midskyrizi,1
5072,mide,1
5073,michelenadeemb,1
5074,medlancr,1
5075,medicijn,1
5076,magnifi,1
5077,mar,1
5078,mathberni,1
5079,materi,1
5080,mata,1
5081,maryland,1
5082,maryamyazdi,1
5083,martinlandray,1
5084,marthefourcad,1
5085,marketingparamedico,1
5086,marcador,1
5087,marc,1
5088,marathinew,1
5089,mantlecelllymphona,1
5090,mattmilowski,1
5091,mantellar,1
5092,mantel,1
5093,mangonew,1
5094,manej,1
5095,man,1
5096,malignancynot,1
5097,maker,1
5098,maken,1
5099,mainten,1
5100,mainstream,1
5101,mai,1
5102,matthew,1
5103,mauritiu,1
5104,medicalresearch,1
5105,mdical,1
5106,medicalnew,1
5107,medicago,1
5108,mediastinum,1
5109,mediada,1
5110,medarex,1
5111,mecnica,1
5112,meant,1
5113,me,1
5114,mdsc,1
5115,mdminhibitor,1
5116,mdmi,1
5117,mdedgetweet,1
5118,mauro,1
5119,mdedgehemonc,1
5120,mdacc,1
5121,mckesson,1
5122,mcgilloncogi,1
5123,mcgill,1
5124,mcdonald,1
5125,mcap,1
5126,mbt,1
5127,mayora,1
5128,mayor,1
5129,max,1
5130,a,1
